--
-- PostgreSQL database dump
--

-- Dumped from database version 17.0
-- Dumped by pg_dump version 17.0

SET statement_timeout = 0;
SET lock_timeout = 0;
SET idle_in_transaction_session_timeout = 0;
SET transaction_timeout = 0;
SET client_encoding = 'UTF8';
SET standard_conforming_strings = on;
SELECT pg_catalog.set_config('search_path', '', false);
SET check_function_bodies = false;
SET xmloption = content;
SET client_min_messages = warning;
SET row_security = off;

SET default_tablespace = '';

SET default_table_access_method = heap;

--
-- Name: auth_group; Type: TABLE; Schema: public; Owner: postgres
--

CREATE TABLE public.auth_group (
    id integer NOT NULL,
    name character varying(150) NOT NULL
);


ALTER TABLE public.auth_group OWNER TO postgres;

--
-- Name: auth_group_id_seq; Type: SEQUENCE; Schema: public; Owner: postgres
--

ALTER TABLE public.auth_group ALTER COLUMN id ADD GENERATED BY DEFAULT AS IDENTITY (
    SEQUENCE NAME public.auth_group_id_seq
    START WITH 1
    INCREMENT BY 1
    NO MINVALUE
    NO MAXVALUE
    CACHE 1
);


--
-- Name: auth_group_permissions; Type: TABLE; Schema: public; Owner: postgres
--

CREATE TABLE public.auth_group_permissions (
    id bigint NOT NULL,
    group_id integer NOT NULL,
    permission_id integer NOT NULL
);


ALTER TABLE public.auth_group_permissions OWNER TO postgres;

--
-- Name: auth_group_permissions_id_seq; Type: SEQUENCE; Schema: public; Owner: postgres
--

ALTER TABLE public.auth_group_permissions ALTER COLUMN id ADD GENERATED BY DEFAULT AS IDENTITY (
    SEQUENCE NAME public.auth_group_permissions_id_seq
    START WITH 1
    INCREMENT BY 1
    NO MINVALUE
    NO MAXVALUE
    CACHE 1
);


--
-- Name: auth_permission; Type: TABLE; Schema: public; Owner: postgres
--

CREATE TABLE public.auth_permission (
    id integer NOT NULL,
    name character varying(255) NOT NULL,
    content_type_id integer NOT NULL,
    codename character varying(100) NOT NULL
);


ALTER TABLE public.auth_permission OWNER TO postgres;

--
-- Name: auth_permission_id_seq; Type: SEQUENCE; Schema: public; Owner: postgres
--

ALTER TABLE public.auth_permission ALTER COLUMN id ADD GENERATED BY DEFAULT AS IDENTITY (
    SEQUENCE NAME public.auth_permission_id_seq
    START WITH 1
    INCREMENT BY 1
    NO MINVALUE
    NO MAXVALUE
    CACHE 1
);


--
-- Name: auth_user; Type: TABLE; Schema: public; Owner: postgres
--

CREATE TABLE public.auth_user (
    id integer NOT NULL,
    password character varying(128) NOT NULL,
    last_login timestamp with time zone,
    is_superuser boolean NOT NULL,
    username character varying(150) NOT NULL,
    first_name character varying(150) NOT NULL,
    last_name character varying(150) NOT NULL,
    email character varying(254) NOT NULL,
    is_staff boolean NOT NULL,
    is_active boolean NOT NULL,
    date_joined timestamp with time zone NOT NULL
);


ALTER TABLE public.auth_user OWNER TO postgres;

--
-- Name: auth_user_groups; Type: TABLE; Schema: public; Owner: postgres
--

CREATE TABLE public.auth_user_groups (
    id bigint NOT NULL,
    user_id integer NOT NULL,
    group_id integer NOT NULL
);


ALTER TABLE public.auth_user_groups OWNER TO postgres;

--
-- Name: auth_user_groups_id_seq; Type: SEQUENCE; Schema: public; Owner: postgres
--

ALTER TABLE public.auth_user_groups ALTER COLUMN id ADD GENERATED BY DEFAULT AS IDENTITY (
    SEQUENCE NAME public.auth_user_groups_id_seq
    START WITH 1
    INCREMENT BY 1
    NO MINVALUE
    NO MAXVALUE
    CACHE 1
);


--
-- Name: auth_user_id_seq; Type: SEQUENCE; Schema: public; Owner: postgres
--

ALTER TABLE public.auth_user ALTER COLUMN id ADD GENERATED BY DEFAULT AS IDENTITY (
    SEQUENCE NAME public.auth_user_id_seq
    START WITH 1
    INCREMENT BY 1
    NO MINVALUE
    NO MAXVALUE
    CACHE 1
);


--
-- Name: auth_user_user_permissions; Type: TABLE; Schema: public; Owner: postgres
--

CREATE TABLE public.auth_user_user_permissions (
    id bigint NOT NULL,
    user_id integer NOT NULL,
    permission_id integer NOT NULL
);


ALTER TABLE public.auth_user_user_permissions OWNER TO postgres;

--
-- Name: auth_user_user_permissions_id_seq; Type: SEQUENCE; Schema: public; Owner: postgres
--

ALTER TABLE public.auth_user_user_permissions ALTER COLUMN id ADD GENERATED BY DEFAULT AS IDENTITY (
    SEQUENCE NAME public.auth_user_user_permissions_id_seq
    START WITH 1
    INCREMENT BY 1
    NO MINVALUE
    NO MAXVALUE
    CACHE 1
);


--
-- Name: django_admin_log; Type: TABLE; Schema: public; Owner: postgres
--

CREATE TABLE public.django_admin_log (
    id integer NOT NULL,
    action_time timestamp with time zone NOT NULL,
    object_id text,
    object_repr character varying(200) NOT NULL,
    action_flag smallint NOT NULL,
    change_message text NOT NULL,
    content_type_id integer,
    user_id integer NOT NULL,
    CONSTRAINT django_admin_log_action_flag_check CHECK ((action_flag >= 0))
);


ALTER TABLE public.django_admin_log OWNER TO postgres;

--
-- Name: django_admin_log_id_seq; Type: SEQUENCE; Schema: public; Owner: postgres
--

ALTER TABLE public.django_admin_log ALTER COLUMN id ADD GENERATED BY DEFAULT AS IDENTITY (
    SEQUENCE NAME public.django_admin_log_id_seq
    START WITH 1
    INCREMENT BY 1
    NO MINVALUE
    NO MAXVALUE
    CACHE 1
);


--
-- Name: django_content_type; Type: TABLE; Schema: public; Owner: postgres
--

CREATE TABLE public.django_content_type (
    id integer NOT NULL,
    app_label character varying(100) NOT NULL,
    model character varying(100) NOT NULL
);


ALTER TABLE public.django_content_type OWNER TO postgres;

--
-- Name: django_content_type_id_seq; Type: SEQUENCE; Schema: public; Owner: postgres
--

ALTER TABLE public.django_content_type ALTER COLUMN id ADD GENERATED BY DEFAULT AS IDENTITY (
    SEQUENCE NAME public.django_content_type_id_seq
    START WITH 1
    INCREMENT BY 1
    NO MINVALUE
    NO MAXVALUE
    CACHE 1
);


--
-- Name: django_migrations; Type: TABLE; Schema: public; Owner: postgres
--

CREATE TABLE public.django_migrations (
    id bigint NOT NULL,
    app character varying(255) NOT NULL,
    name character varying(255) NOT NULL,
    applied timestamp with time zone NOT NULL
);


ALTER TABLE public.django_migrations OWNER TO postgres;

--
-- Name: django_migrations_id_seq; Type: SEQUENCE; Schema: public; Owner: postgres
--

ALTER TABLE public.django_migrations ALTER COLUMN id ADD GENERATED BY DEFAULT AS IDENTITY (
    SEQUENCE NAME public.django_migrations_id_seq
    START WITH 1
    INCREMENT BY 1
    NO MINVALUE
    NO MAXVALUE
    CACHE 1
);


--
-- Name: django_session; Type: TABLE; Schema: public; Owner: postgres
--

CREATE TABLE public.django_session (
    session_key character varying(40) NOT NULL,
    session_data text NOT NULL,
    expire_date timestamp with time zone NOT NULL
);


ALTER TABLE public.django_session OWNER TO postgres;

--
-- Name: donations_donation; Type: TABLE; Schema: public; Owner: postgres
--

CREATE TABLE public.donations_donation (
    id integer NOT NULL,
    user_id_id integer NOT NULL,
    ngo_id_id integer NOT NULL,
    date timestamp without time zone DEFAULT now(),
    amount numeric(10,2) NOT NULL
);


ALTER TABLE public.donations_donation OWNER TO postgres;

--
-- Name: donations_donation_id_seq; Type: SEQUENCE; Schema: public; Owner: postgres
--

CREATE SEQUENCE public.donations_donation_id_seq
    AS integer
    START WITH 1
    INCREMENT BY 1
    NO MINVALUE
    NO MAXVALUE
    CACHE 1;


ALTER SEQUENCE public.donations_donation_id_seq OWNER TO postgres;

--
-- Name: donations_donation_id_seq; Type: SEQUENCE OWNED BY; Schema: public; Owner: postgres
--

ALTER SEQUENCE public.donations_donation_id_seq OWNED BY public.donations_donation.id;


--
-- Name: ngos_ngo; Type: TABLE; Schema: public; Owner: postgres
--

CREATE TABLE public.ngos_ngo (
    id integer NOT NULL,
    name character varying(255) NOT NULL,
    email character varying(254) NOT NULL,
    address text NOT NULL,
    contact_person character varying(255) NOT NULL,
    mobile_number character varying(15) NOT NULL,
    purpose text NOT NULL,
    completed_project character varying(255) DEFAULT 'No Completed Projects'::character varying NOT NULL,
    ongoing_project character varying(255) DEFAULT 'Not Applicable'::character varying,
    last_login timestamp with time zone,
    account_number character varying(16) DEFAULT '0000000000000000'::character varying
);


ALTER TABLE public.ngos_ngo OWNER TO postgres;

--
-- Name: ngos_ngo_id_seq; Type: SEQUENCE; Schema: public; Owner: postgres
--

ALTER TABLE public.ngos_ngo ALTER COLUMN id ADD GENERATED BY DEFAULT AS IDENTITY (
    SEQUENCE NAME public.ngos_ngo_id_seq
    START WITH 1
    INCREMENT BY 1
    NO MINVALUE
    NO MAXVALUE
    CACHE 1
);


--
-- Name: projects_project; Type: TABLE; Schema: public; Owner: postgres
--

CREATE TABLE public.projects_project (
    id integer NOT NULL,
    title character varying(255) NOT NULL,
    "desc" text NOT NULL,
    start_date date NOT NULL,
    end_date date,
    status character varying(20) NOT NULL
);


ALTER TABLE public.projects_project OWNER TO postgres;

--
-- Name: projects_project_id_seq; Type: SEQUENCE; Schema: public; Owner: postgres
--

ALTER TABLE public.projects_project ALTER COLUMN id ADD GENERATED BY DEFAULT AS IDENTITY (
    SEQUENCE NAME public.projects_project_id_seq
    START WITH 1
    INCREMENT BY 1
    NO MINVALUE
    NO MAXVALUE
    CACHE 1
);


--
-- Name: recommendation_ngodata; Type: TABLE; Schema: public; Owner: postgres
--

CREATE TABLE public.recommendation_ngodata (
    ngo_name "char"[] NOT NULL,
    address "char"[] NOT NULL,
    mobile_number "char"[] NOT NULL,
    email "char"[] NOT NULL,
    "contact_person " "char"[] NOT NULL,
    purpose "char"[] NOT NULL,
    id integer NOT NULL
);


ALTER TABLE public.recommendation_ngodata OWNER TO postgres;

--
-- Name: recommendation_ngodata_id_seq; Type: SEQUENCE; Schema: public; Owner: postgres
--

ALTER TABLE public.recommendation_ngodata ALTER COLUMN id ADD GENERATED BY DEFAULT AS IDENTITY (
    SEQUENCE NAME public.recommendation_ngodata_id_seq
    START WITH 1
    INCREMENT BY 1
    NO MINVALUE
    NO MAXVALUE
    CACHE 1
);


--
-- Name: token_blacklist_blacklistedtoken; Type: TABLE; Schema: public; Owner: postgres
--

CREATE TABLE public.token_blacklist_blacklistedtoken (
    id bigint NOT NULL,
    blacklisted_at timestamp with time zone NOT NULL,
    token_id bigint NOT NULL
);


ALTER TABLE public.token_blacklist_blacklistedtoken OWNER TO postgres;

--
-- Name: token_blacklist_blacklistedtoken_id_seq; Type: SEQUENCE; Schema: public; Owner: postgres
--

ALTER TABLE public.token_blacklist_blacklistedtoken ALTER COLUMN id ADD GENERATED BY DEFAULT AS IDENTITY (
    SEQUENCE NAME public.token_blacklist_blacklistedtoken_id_seq
    START WITH 1
    INCREMENT BY 1
    NO MINVALUE
    NO MAXVALUE
    CACHE 1
);


--
-- Name: token_blacklist_outstandingtoken; Type: TABLE; Schema: public; Owner: postgres
--

CREATE TABLE public.token_blacklist_outstandingtoken (
    id bigint NOT NULL,
    token text NOT NULL,
    created_at timestamp with time zone,
    expires_at timestamp with time zone NOT NULL,
    user_id integer,
    jti character varying(255) NOT NULL
);


ALTER TABLE public.token_blacklist_outstandingtoken OWNER TO postgres;

--
-- Name: token_blacklist_outstandingtoken_id_seq; Type: SEQUENCE; Schema: public; Owner: postgres
--

ALTER TABLE public.token_blacklist_outstandingtoken ALTER COLUMN id ADD GENERATED BY DEFAULT AS IDENTITY (
    SEQUENCE NAME public.token_blacklist_outstandingtoken_id_seq
    START WITH 1
    INCREMENT BY 1
    NO MINVALUE
    NO MAXVALUE
    CACHE 1
);


--
-- Name: users_user; Type: TABLE; Schema: public; Owner: postgres
--

CREATE TABLE public.users_user (
    id integer NOT NULL,
    password character varying(128) NOT NULL,
    email character varying(254) NOT NULL,
    date_joined timestamp with time zone NOT NULL,
    last_login timestamp with time zone,
    name character varying(255) NOT NULL
);


ALTER TABLE public.users_user OWNER TO postgres;

--
-- Name: users_user_id_seq; Type: SEQUENCE; Schema: public; Owner: postgres
--

ALTER TABLE public.users_user ALTER COLUMN id ADD GENERATED BY DEFAULT AS IDENTITY (
    SEQUENCE NAME public.users_user_id_seq
    START WITH 1
    INCREMENT BY 1
    NO MINVALUE
    NO MAXVALUE
    CACHE 1
);


--
-- Name: donations_donation id; Type: DEFAULT; Schema: public; Owner: postgres
--

ALTER TABLE ONLY public.donations_donation ALTER COLUMN id SET DEFAULT nextval('public.donations_donation_id_seq'::regclass);


--
-- Data for Name: auth_group; Type: TABLE DATA; Schema: public; Owner: postgres
--

COPY public.auth_group (id, name) FROM stdin;
\.


--
-- Data for Name: auth_group_permissions; Type: TABLE DATA; Schema: public; Owner: postgres
--

COPY public.auth_group_permissions (id, group_id, permission_id) FROM stdin;
\.


--
-- Data for Name: auth_permission; Type: TABLE DATA; Schema: public; Owner: postgres
--

COPY public.auth_permission (id, name, content_type_id, codename) FROM stdin;
1	Can add log entry	1	add_logentry
2	Can change log entry	1	change_logentry
3	Can delete log entry	1	delete_logentry
4	Can view log entry	1	view_logentry
5	Can add permission	2	add_permission
6	Can change permission	2	change_permission
7	Can delete permission	2	delete_permission
8	Can view permission	2	view_permission
9	Can add group	3	add_group
10	Can change group	3	change_group
11	Can delete group	3	delete_group
12	Can view group	3	view_group
13	Can add user	4	add_user
14	Can change user	4	change_user
15	Can delete user	4	delete_user
16	Can view user	4	view_user
17	Can add content type	5	add_contenttype
18	Can change content type	5	change_contenttype
19	Can delete content type	5	delete_contenttype
20	Can view content type	5	view_contenttype
21	Can add session	6	add_session
22	Can change session	6	change_session
23	Can delete session	6	delete_session
24	Can view session	6	view_session
25	Can add user	7	add_user
26	Can change user	7	change_user
27	Can delete user	7	delete_user
28	Can view user	7	view_user
29	Can add ngo	8	add_ngo
30	Can change ngo	8	change_ngo
31	Can delete ngo	8	delete_ngo
32	Can view ngo	8	view_ngo
33	Can add project	9	add_project
34	Can change project	9	change_project
35	Can delete project	9	delete_project
36	Can view project	9	view_project
37	Can add donation	10	add_donation
38	Can change donation	10	change_donation
39	Can delete donation	10	delete_donation
40	Can view donation	10	view_donation
41	Can add blacklisted token	11	add_blacklistedtoken
42	Can change blacklisted token	11	change_blacklistedtoken
43	Can delete blacklisted token	11	delete_blacklistedtoken
44	Can view blacklisted token	11	view_blacklistedtoken
45	Can add outstanding token	12	add_outstandingtoken
46	Can change outstanding token	12	change_outstandingtoken
47	Can delete outstanding token	12	delete_outstandingtoken
48	Can view outstanding token	12	view_outstandingtoken
49	Can add transaction	13	add_transaction
50	Can change transaction	13	change_transaction
51	Can delete transaction	13	delete_transaction
52	Can view transaction	13	view_transaction
53	Can add card	14	add_card
54	Can change card	14	change_card
55	Can delete card	14	delete_card
56	Can view card	14	view_card
57	Can add account	15	add_account
58	Can change account	15	change_account
59	Can delete account	15	delete_account
60	Can view account	15	view_account
\.


--
-- Data for Name: auth_user; Type: TABLE DATA; Schema: public; Owner: postgres
--

COPY public.auth_user (id, password, last_login, is_superuser, username, first_name, last_name, email, is_staff, is_active, date_joined) FROM stdin;
\.


--
-- Data for Name: auth_user_groups; Type: TABLE DATA; Schema: public; Owner: postgres
--

COPY public.auth_user_groups (id, user_id, group_id) FROM stdin;
\.


--
-- Data for Name: auth_user_user_permissions; Type: TABLE DATA; Schema: public; Owner: postgres
--

COPY public.auth_user_user_permissions (id, user_id, permission_id) FROM stdin;
\.


--
-- Data for Name: django_admin_log; Type: TABLE DATA; Schema: public; Owner: postgres
--

COPY public.django_admin_log (id, action_time, object_id, object_repr, action_flag, change_message, content_type_id, user_id) FROM stdin;
\.


--
-- Data for Name: django_content_type; Type: TABLE DATA; Schema: public; Owner: postgres
--

COPY public.django_content_type (id, app_label, model) FROM stdin;
1	admin	logentry
2	auth	permission
3	auth	group
4	auth	user
5	contenttypes	contenttype
6	sessions	session
7	users	user
8	ngos	ngo
9	projects	project
10	donations	donation
11	token_blacklist	blacklistedtoken
12	token_blacklist	outstandingtoken
13	hdfc	transaction
14	hdfc	card
15	hdfc	account
\.


--
-- Data for Name: django_migrations; Type: TABLE DATA; Schema: public; Owner: postgres
--

COPY public.django_migrations (id, app, name, applied) FROM stdin;
1	contenttypes	0001_initial	2024-10-17 11:57:58.553013+05:30
2	auth	0001_initial	2024-10-17 11:57:58.633607+05:30
3	admin	0001_initial	2024-10-17 11:57:58.654387+05:30
4	admin	0002_logentry_remove_auto_add	2024-10-17 11:57:58.662481+05:30
5	admin	0003_logentry_add_action_flag_choices	2024-10-17 11:57:58.668171+05:30
6	contenttypes	0002_remove_content_type_name	2024-10-17 11:57:58.688664+05:30
7	auth	0002_alter_permission_name_max_length	2024-10-17 11:57:58.695781+05:30
8	auth	0003_alter_user_email_max_length	2024-10-17 11:57:58.702478+05:30
9	auth	0004_alter_user_username_opts	2024-10-17 11:57:58.709996+05:30
10	auth	0005_alter_user_last_login_null	2024-10-17 11:57:58.721571+05:30
11	auth	0006_require_contenttypes_0002	2024-10-17 11:57:58.72307+05:30
12	auth	0007_alter_validators_add_error_messages	2024-10-17 11:57:58.729633+05:30
13	auth	0008_alter_user_username_max_length	2024-10-17 11:57:58.741881+05:30
14	auth	0009_alter_user_last_name_max_length	2024-10-17 11:57:58.74875+05:30
15	auth	0010_alter_group_name_max_length	2024-10-17 11:57:58.757266+05:30
16	auth	0011_update_proxy_permissions	2024-10-17 11:57:58.762643+05:30
17	auth	0012_alter_user_first_name_max_length	2024-10-17 11:57:58.768688+05:30
18	sessions	0001_initial	2024-10-17 11:57:58.779734+05:30
19	users	0001_initial	2024-10-17 12:17:19.418597+05:30
20	ngos	0001_initial	2024-10-17 12:21:51.987489+05:30
21	projects	0001_initial	2024-10-17 12:34:32.621259+05:30
22	projects	0002_project_ngo	2024-10-17 12:38:41.385488+05:30
23	donations	0001_initial	2024-10-17 12:42:42.136736+05:30
24	users	0002_alter_user_options_alter_user_managers_and_more	2024-12-02 20:38:44.283188+05:30
25	ngos	0002_remove_ngo_created_at_remove_ngo_description_and_more	2024-12-02 20:38:44.431437+05:30
26	donations	0002_remove_donation_ngo_remove_donation_user_and_more	2024-12-02 20:38:44.537633+05:30
27	projects	0003_rename_description_project_desc_remove_project_ngo_and_more	2024-12-02 20:38:44.56907+05:30
28	token_blacklist	0001_initial	2024-12-04 12:05:22.064007+05:30
29	token_blacklist	0002_outstandingtoken_jti_hex	2024-12-04 12:05:22.072745+05:30
30	token_blacklist	0003_auto_20171017_2007	2024-12-04 12:05:22.08419+05:30
31	token_blacklist	0004_auto_20171017_2013	2024-12-04 12:05:22.096892+05:30
32	token_blacklist	0005_remove_outstandingtoken_jti	2024-12-04 12:05:22.106975+05:30
33	token_blacklist	0006_auto_20171017_2113	2024-12-04 12:05:22.118071+05:30
34	token_blacklist	0007_auto_20171017_2214	2024-12-04 12:05:22.164923+05:30
35	token_blacklist	0008_migrate_to_bigautofield	2024-12-04 12:05:22.231419+05:30
36	token_blacklist	0010_fix_migrate_to_bigautofield	2024-12-04 12:05:22.248069+05:30
37	token_blacklist	0011_linearizes_history	2024-12-04 12:05:22.251001+05:30
38	token_blacklist	0012_alter_outstandingtoken_user	2024-12-04 12:05:22.259407+05:30
39	users	0003_remove_user_is_active_remove_user_is_admin	2024-12-04 21:30:44.644276+05:30
40	ngos	0003_ngo_completed_project_ngo_ongoing_project	2024-12-07 08:44:04.865392+05:30
41	ngos	0004_remove_ngo_completed_project	2024-12-07 08:44:04.867581+05:30
42	ngos	0004_alter_ngo_completed_project	2024-12-07 09:00:18.400336+05:30
43	ngos	0005_alter_ngo_completed_project	2024-12-07 09:01:23.688127+05:30
44	ngos	0006_ngooutstandingtoken_ngoblacklistedtoken	2024-12-08 11:38:06.743263+05:30
45	ngos	0007_remove_ngooutstandingtoken_ngo_ngo_last_login_and_more	2024-12-08 11:38:06.796707+05:30
46	users	0004_useroutstandingtoken_userblacklistedtoken	2024-12-08 11:38:06.868172+05:30
47	users	0005_remove_useroutstandingtoken_user_and_more	2024-12-08 11:38:06.906387+05:30
48	hdfc	0001_initial	2024-12-08 18:23:03.846525+05:30
49	hdfc	0002_delete_bank_hdfc	2024-12-08 18:23:03.932043+05:30
50	hdfc	0003_initial	2024-12-08 18:23:04.915078+05:30
\.


--
-- Data for Name: django_session; Type: TABLE DATA; Schema: public; Owner: postgres
--

COPY public.django_session (session_key, session_data, expire_date) FROM stdin;
s8r18j2bxv9a4k7d46tb633rasij2y78	.eJxVjMEOwiAQRP-Fs2mALgU8mvQ7yC4sgag1EXoy_ruSaKLHmfdmHiLg3kvYG99DTeIonDj8doTxzNsAI7ZpEN56jdjrbfviNq1XrJfTR_57KNjKey4lqDlLBd45S4tbIirKnrI2QGyNM1kntlppMGAxzZajlpmiN8p6DeL5AkmLOBY:1tIUCA:GKS6oRL0XbrnPYMTlYFd2QhXby_BppjogKiB5V1NCNQ	2024-12-17 20:18:10.596075+05:30
axhqbwcpr65h2dhes9qipn73ysrzvx0j	.eJxVjMEKwjAQRP8lZylp6tZdj0K_o2yyGxLUCCY9if-uAQU9zrw38zArby2tW9X7msUcDZndb-c5nLV00GMdOtHScuCWb-WL67BcOV9OH_nvIXFN7zmKY8WZIIZgfaRIpCKAwmp1UnU6-8MeODiVKDgSOHRonQAQ-XEyzxej0Tmx:1tIUDZ:0VeqM0sZuKdjmvEHvfReYzEmvVzrONcoLqiS9PzTqYs	2024-12-17 20:19:37.960768+05:30
zome13nw0n9a0je5j6v326bndbuy7omu	.eJxVjMEKwjAQRP8lZylp6tZdj0K_o2yyGxLUCCY9if-uAQU9zrw38zArby2tW9X7msUcDZndb-c5nLV00GMdOtHScuCWb-WL67BcOV9OH_nvIXFN7zmKY8WZIIZgfaRIpCKAwmp1UnU6-8MeODiVKDgSOHRonQAQ-XEyzxej0Tmx:1tIUN5:tTeVDFzE7eNriwa1Gc5jrwfKKGjLh0JQ4W1jJ2JNyS0	2024-12-17 20:29:27.338989+05:30
6epym0uzpjgwqokm5l8wpjpw0hl9qdwq	.eJxVjMEKwjAQRP8lZylp6tZdj0K_o2yyGxLUCCY9if-uAQU9zrw38zArby2tW9X7msUcDZndb-c5nLV00GMdOtHScuCWb-WL67BcOV9OH_nvIXFN7zmKY8WZIIZgfaRIpCKAwmp1UnU6-8MeODiVKDgSOHRonQAQ-XEyzxej0Tmx:1tIVLA:BF24LOHF_klZhPiSABk4B5OWbg8jt0qHVubw9bWySJg	2024-12-17 21:31:32.77271+05:30
ej077vr4wt14vzswl2uny62oafkriw2t	.eJxVjMEKwjAQRP8lZylp6tZdj0K_o2yyGxLUCCY9if-uAQU9zrw38zArby2tW9X7msUcDZndb-c5nLV00GMdOtHScuCWb-WL67BcOV9OH_nvIXFN7zmKY8WZIIZgfaRIpCKAwmp1UnU6-8MeODiVKDgSOHRonQAQ-XEyzxej0Tmx:1tIYPS:F-5f-n_aOykvLNPuJYJt82Nsb9y4UtU8egTz_cI7Wjk	2024-12-18 00:48:10.439957+05:30
m5jloar7z95ozs1buboxwnowtinip9bu	.eJxVjMEKwjAQRP8lZylp6tZdj0K_o2yyGxLUCCY9if-uAQU9zrw38zArby2tW9X7msUcDZndb-c5nLV00GMdOtHScuCWb-WL67BcOV9OH_nvIXFN7zmKY8WZIIZgfaRIpCKAwmp1UnU6-8MeODiVKDgSOHRonQAQ-XEyzxej0Tmx:1tIYUV:Ofs8XUWlCvPrkkfGUu4DugJgZPzF8k8r2Gc-sHnOJ0M	2024-12-18 00:53:23.359528+05:30
j8f1j2khusvf6z5m990fgjrn1qaog1ae	.eJxVjMEKwjAQRP8lZylp6tZdj0K_o2yyGxLUCCY9if-uAQU9zrw38zArby2tW9X7msUcDZndb-c5nLV00GMdOtHScuCWb-WL67BcOV9OH_nvIXFN7zmKY8WZIIZgfaRIpCKAwmp1UnU6-8MeODiVKDgSOHRonQAQ-XEyzxej0Tmx:1tIYer:Z9GpHSEel1fgevymlV_qwaaQODzbq5AuAHkEMEjotV4	2024-12-18 01:04:05.467192+05:30
v07q6ad193mdbismfkte4k842p73wlz0	.eJxVjEsKAjEQRO-StQw9-ZG4FDxH6KQ7JKgRTGY1eHcNKOiy6r2qXQTcRglb50eoJI5iBXH4LSOmC7dJZuzLJNxGTTjqvX1xX843rNfTR_57KNjLe66ANUgyZLJMjHZNbJk9yewtRNKcCT07RUZT8lEaYgSrJDunSYEXzxezLjnu:1tIiIi:0rvoyFVZbroYEXE1mpIReq3nEVOwmuEymp5pdKNigN4	2024-12-18 11:21:52.282887+05:30
ugm8ajteskh895y78i8bv5u7ioy0mcq4	.eJxVjEsKAjEQRO-StQw9-ZG4FDxH6KQ7JKgRTGY1eHcNKOiy6r2qXQTcRglb50eoJI5iBXH4LSOmC7dJZuzLJNxGTTjqvX1xX843rNfTR_57KNjLe66ANUgyZLJMjHZNbJk9yewtRNKcCT07RUZT8lEaYgSrJDunSYEXzxezLjnu:1tIiQm:xDkQ2No0Ffk2dGu6TDIc27m4kIPqav8PxJjZok0z3p0	2024-12-18 11:30:12.893647+05:30
wzy2x78fs6av111v7b24n0bx3x5r0ahx	.eJxVjEsKAjEQRO-StQw9-ZG4FDxH6KQ7JKgRTGY1eHcNKOiy6r2qXQTcRglb50eoJI5iBXH4LSOmC7dJZuzLJNxGTTjqvX1xX843rNfTR_57KNjLe66ANUgyZLJMjHZNbJk9yewtRNKcCT07RUZT8lEaYgSrJDunSYEXzxezLjnu:1tIiiD:HgmiMYqFkCD4F6rg6TtZUBidoyXGQO3fI8EX-Zy1ca4	2024-12-18 11:48:13.578937+05:30
3cgbsiert4ppnggwyrdabwzm4a6d8sbf	.eJxVjEsKAjEQRO-StQw9-ZG4FDxH6KQ7JKgRTGY1eHcNKOiy6r2qXQTcRglb50eoJI5iBXH4LSOmC7dJZuzLJNxGTTjqvX1xX843rNfTR_57KNjLe66ANUgyZLJMjHZNbJk9yewtRNKcCT07RUZT8lEaYgSrJDunSYEXzxezLjnu:1tIiid:XYpRquddcCc1Hn8M4X1iBj4pJtJtryt6C1StSnacyng	2024-12-18 11:48:39.399822+05:30
m37tsl9fy1q7ccm2w9cqong38xod9pmq	.eJxVjEsKAjEQRO-StQw9-ZG4FDxH6KQ7JKgRTGY1eHcNKOiy6r2qXQTcRglb50eoJI5iBXH4LSOmC7dJZuzLJNxGTTjqvX1xX843rNfTR_57KNjLe66ANUgyZLJMjHZNbJk9yewtRNKcCT07RUZT8lEaYgSrJDunSYEXzxezLjnu:1tIijk:YaEB_VitUhp8sFad3kFuRTRbzREMFJqRSR2IScdMk5A	2024-12-18 11:49:48.657583+05:30
j909uawak21xcdnqse9658n7wnhtqh2j	.eJxVjEsKAjEQRO-StQw9-ZG4FDxH6KQ7JKgRTGY1eHcNKOiy6r2qXQTcRglb50eoJI5iBXH4LSOmC7dJZuzLJNxGTTjqvX1xX843rNfTR_57KNjLe66ANUgyZLJMjHZNbJk9yewtRNKcCT07RUZT8lEaYgSrJDunSYEXzxezLjnu:1tIim3:JhZBxw-ZIIPv6e7ZTbRDmqF-NJEgCgg0de1ZVUkbVi8	2024-12-18 11:52:11.083134+05:30
3hyg26tfit93mzpgz21dheljyavwh6u2	.eJxVjEsKAjEQRO-StQw9-ZG4FDxH6KQ7JKgRTGY1eHcNKOiy6r2qXQTcRglb50eoJI5iBXH4LSOmC7dJZuzLJNxGTTjqvX1xX843rNfTR_57KNjLe66ANUgyZLJMjHZNbJk9yewtRNKcCT07RUZT8lEaYgSrJDunSYEXzxezLjnu:1tIioh:xfcF8T73jQJT6sRSWo6Hh2CUJrBPqS7LUqVVKQ4qQtk	2024-12-18 11:54:55.195868+05:30
mspvjpww1wyqn09s79hyl9iciqdhfrpm	.eJxVjEsKAjEQRO-StQw9-ZG4FDxH6KQ7JKgRTGY1eHcNKOiy6r2qXQTcRglb50eoJI5iBXH4LSOmC7dJZuzLJNxGTTjqvX1xX843rNfTR_57KNjLe66ANUgyZLJMjHZNbJk9yewtRNKcCT07RUZT8lEaYgSrJDunSYEXzxezLjnu:1tIixU:mf07R27-dQMYkocUfBVqK61K5XzQWFxHZGV5zxHnoOA	2024-12-18 12:04:00.550113+05:30
oec1cx2hxfx3el8m503mjxgiajktcf2m	.eJxVjEsKAjEQRO-StQw9-ZG4FDxH6KQ7JKgRTGY1eHcNKOiy6r2qXQTcRglb50eoJI5iBXH4LSOmC7dJZuzLJNxGTTjqvX1xX843rNfTR_57KNjLe66ANUgyZLJMjHZNbJk9yewtRNKcCT07RUZT8lEaYgSrJDunSYEXzxezLjnu:1tIj3l:aXW_yoOUDIOhOKmnQMkdfDdcOcuRD-wQpIDq-cwYT-w	2024-12-18 12:10:29.794171+05:30
qh128pesl9ulfedtii2ocr6bp4i7lcyj	.eJxVjEsKAjEQRO-StQw9-ZG4FDxH6KQ7JKgRTGY1eHcNKOiy6r2qXQTcRglb50eoJI5iBXH4LSOmC7dJZuzLJNxGTTjqvX1xX843rNfTR_57KNjLe66ANUgyZLJMjHZNbJk9yewtRNKcCT07RUZT8lEaYgSrJDunSYEXzxezLjnu:1tIj6p:6pwfqaChB2RtGM9Bj4F_uUqM6p9ls4ZpcBQamDus7B8	2024-12-18 12:13:39.225473+05:30
9qlky1len8h2q8v06jj669i3naokwzrm	.eJxVjEsKAjEQRO-StQw9-ZG4FDxH6KQ7JKgRTGY1eHcNKOiy6r2qXQTcRglb50eoJI5iBXH4LSOmC7dJZuzLJNxGTTjqvX1xX843rNfTR_57KNjLe66ANUgyZLJMjHZNbJk9yewtRNKcCT07RUZT8lEaYgSrJDunSYEXzxezLjnu:1tIjO2:8TtltD7v2vdd-Ru0s3CihpfQaRoKZFDcNgYzhan7XIo	2024-12-18 12:31:26.117519+05:30
ughzi416e8jcw83krexigduds3nuip3i	.eJxVjEsKAjEQRO-StQw9-ZG4FDxH6KQ7JKgRTGY1eHcNKOiy6r2qXQTcRglb50eoJI5iBXH4LSOmC7dJZuzLJNxGTTjqvX1xX843rNfTR_57KNjLe66ANUgyZLJMjHZNbJk9yewtRNKcCT07RUZT8lEaYgSrJDunSYEXzxezLjnu:1tIjUg:PaYTZt0XWdy7IggO-DImrcp1TEW6T1JuiGgkIJ_jddU	2024-12-18 12:38:18.130424+05:30
h3iaq4c911vi9bo8tn5lcjey2nekjwrz	.eJxVjEsKAjEQRO-StQw9-ZG4FDxH6KQ7JKgRTGY1eHcNKOiy6r2qXQTcRglb50eoJI5iBXH4LSOmC7dJZuzLJNxGTTjqvX1xX843rNfTR_57KNjLe66ANUgyZLJMjHZNbJk9yewtRNKcCT07RUZT8lEaYgSrJDunSYEXzxezLjnu:1tIje9:jxne7I6EHyirQUZ3YMS1R2pB4BAmHQUrofaRmRSnDWM	2024-12-18 12:48:05.911743+05:30
9mhq6ra0r00sfo1h31n69dc0llp96m4h	.eJxVjMEKwjAQRP8lZylp6tZdj0K_o2yyGxLUCCY9if-uAQU9zrw38zArby2tW9X7msUcDZndb-c5nLV00GMdOtHScuCWb-WL67BcOV9OH_nvIXFN7zmKY8WZIIZgfaRIpCKAwmp1UnU6-8MeODiVKDgSOHRonQAQ-XEyzxej0Tmx:1tIkPU:FSpZKvnkC8GVnoZ0l2j8iixT97mbjdgJBjO9wGu-hUc	2024-12-18 13:37:00.507581+05:30
x2xzb3cm04ccidxcvlicxbcciw9gimjp	.eJxVjMEKwjAQRP8lZylp6tZdj0K_o2yyGxLUCCY9if-uAQU9zrw38zArby2tW9X7msUcDZndb-c5nLV00GMdOtHScuCWb-WL67BcOV9OH_nvIXFN7zmKY8WZIIZgfaRIpCKAwmp1UnU6-8MeODiVKDgSOHRonQAQ-XEyzxej0Tmx:1tIkUJ:RxxKELWSUtlS4M3f1p5iuIeixVRCcPD4MI4XnwIQ7vw	2024-12-18 13:41:59.335804+05:30
pnfyzzfuwfgrcie7kdl00f5l75qsxwjg	.eJxVjEsKAjEQRO-StQw9-ZG4FDxH6KQ7JKgRTGY1eHcNKOiy6r2qXQTcRglb50eoJI5iBXH4LSOmC7dJZuzLJNxGTTjqvX1xX843rNfTR_57KNjLe66ANUgyZLJMjHZNbJk9yewtRNKcCT07RUZT8lEaYgSrJDunSYEXzxezLjnu:1tIkVp:KnHFd54yA0IIDgof53MJPC6JPMKUlUrDfPxVHzoVgKU	2024-12-18 13:43:33.514628+05:30
ntzyoe47vkwvc38rnqp21zcbgkeo1vac	.eJxVjEsKAjEQRO-StQw9-ZG4FDxH6KQ7JKgRTGY1eHcNKOiy6r2qXQTcRglb50eoJI5iBXH4LSOmC7dJZuzLJNxGTTjqvX1xX843rNfTR_57KNjLe66ANUgyZLJMjHZNbJk9yewtRNKcCT07RUZT8lEaYgSrJDunSYEXzxezLjnu:1tIkXR:tGZL1aIyowNj8I5qiQ-KiuueX4SAsVq_8flO3T_SXcc	2024-12-18 13:45:13.640388+05:30
h3n35lit8qln6mj0kfquq0m5u3nhqqan	.eJxVjMEKwjAQRP8lZylp6tZdj0K_o2yyGxLUCCY9if-uAQU9zrw38zArby2tW9X7msUcDZndb-c5nLV00GMdOtHScuCWb-WL67BcOV9OH_nvIXFN7zmKY8WZIIZgfaRIpCKAwmp1UnU6-8MeODiVKDgSOHRonQAQ-XEyzxej0Tmx:1tIkYP:dOeXY64_SuqvHaNeW2B39SMLyA8PiGqlC_e0qjCyk8o	2024-12-18 13:46:13.301561+05:30
lcw7dq9zabalb09zzk17nbz2b0w7aif9	.eJxVjEsKAjEQRO-StQw9-ZG4FDxH6KQ7JKgRTGY1eHcNKOiy6r2qXQTcRglb50eoJI5iBXH4LSOmC7dJZuzLJNxGTTjqvX1xX843rNfTR_57KNjLe66ANUgyZLJMjHZNbJk9yewtRNKcCT07RUZT8lEaYgSrJDunSYEXzxezLjnu:1tIkuI:-nUVEP7qAOGK_zIRvtxhDlBJhUc8z9eg9HmItuCbxvA	2024-12-18 14:08:50.266238+05:30
i5hb5r26spvfkspn8gv4gin7d3tq5bs7	.eJxVjEsKAjEQRO-StQw9-ZG4FDxH6KQ7JKgRTGY1eHcNKOiy6r2qXQTcRglb50eoJI5iBXH4LSOmC7dJZuzLJNxGTTjqvX1xX843rNfTR_57KNjLe66ANUgyZLJMjHZNbJk9yewtRNKcCT07RUZT8lEaYgSrJDunSYEXzxezLjnu:1tIkuJ:jFeP9DJm_oNuoCIcCWBF-w0SKriAlsYKrfQ5btwfO6g	2024-12-18 14:08:51.728006+05:30
9ag3hqlcwsmp69nqnor9vry98v9u4j63	.eJxVjEsKAjEQRO-StQxJOpOPS2HOEXp6OiSoEUxmJd5dAwq6rHqv6iEi7j3HvfE9lk0chVLi8FuuSGeug4zYpkG49kLYy61-cZuWK5bL6SP_PWRs-T23kKwHy97wrGRYpWOdnFOJ2CRQ1gT2MBORsRg0bRJCYtTAICEhafF8AXqsOQI:1tIqxh:prgPdRh6z-LgRGr7rBkHMfOan_1YWf_dNuJY2S0KD1U	2024-12-18 20:36:45.617846+05:30
qxb15p3sdeicpghy6tsr0q6ykk0vhb6z	.eJxVjEsKAjEQRO-StQxJOpOPS2HOEXp6OiSoEUxmJd5dAwq6rHqv6iEi7j3HvfE9lk0chVLi8FuuSGeug4zYpkG49kLYy61-cZuWK5bL6SP_PWRs-T23kKwHy97wrGRYpWOdnFOJ2CRQ1gT2MBORsRg0bRJCYtTAICEhafF8AXqsOQI:1tIr7b:y6f6H5jRlHvV6SYPcRvh2l5yAL9RqiKQGtjq6V37hs0	2024-12-18 20:46:59.120874+05:30
32g1jlidlo0de16xkzilmzp80gtcsifw	.eJxVjEsKAjEQRO-StQxJOpOPS2HOEXp6OiSoEUxmJd5dAwq6rHqv6iEi7j3HvfE9lk0chVLi8FuuSGeug4zYpkG49kLYy61-cZuWK5bL6SP_PWRs-T23kKwHy97wrGRYpWOdnFOJ2CRQ1gT2MBORsRg0bRJCYtTAICEhafF8AXqsOQI:1tIrJ3:h5BEYxx1SOYNcckW1aGghsxs-RaxYRz9R5oNgFgRl8I	2024-12-18 20:58:49.693381+05:30
ivrpkg6051oz8qn53x46o1fjiv1ds1lp	.eJxVjEsKAjEQRO-StQw9-ZG4FDxH6KQ7JKgRTGY1eHcNKOiy6r2qXQTcRglb50eoJI5iBXH4LSOmC7dJZuzLJNxGTTjqvX1xX843rNfTR_57KNjLe66ANUgyZLJMjHZNbJk9yewtRNKcCT07RUZT8lEaYgSrJDunSYEXzxezLjnu:1tIrWd:KHyTp9sCyxP03n-RU8LPICMLDYKB3MaMoST2SOVAEqA	2024-12-18 21:12:51.60248+05:30
zgfqhlkneoqir0zgclsm37hb2t9kkvad	.eJxVjEsKAjEQRO-StQw9-ZG4FDxH6KQ7JKgRTGY1eHcNKOiy6r2qXQTcRglb50eoJI5iBXH4LSOmC7dJZuzLJNxGTTjqvX1xX843rNfTR_57KNjLe66ANUgyZLJMjHZNbJk9yewtRNKcCT07RUZT8lEaYgSrJDunSYEXzxezLjnu:1tIri4:In4LD7WxDFXniMqjf8LWzlph-bWK3eKX6nS77Cxstns	2024-12-18 21:24:40.665663+05:30
cf03se3s44idopcn2ke3zsokw2bjld36	.eJxVjEsKAjEQRO-StQw9-ZG4FDxH6KQ7JKgRTGY1eHcNKOiy6r2qXQTcRglb50eoJI5iBXH4LSOmC7dJZuzLJNxGTTjqvX1xX843rNfTR_57KNjLe66ANUgyZLJMjHZNbJk9yewtRNKcCT07RUZT8lEaYgSrJDunSYEXzxezLjnu:1tIrif:LhCYD1Pr0CctP3hKb0DqKe8eOABXVdkhblDbv6ZzvDc	2024-12-18 21:25:17.007739+05:30
xatotwk2ry5qq53we08f6l06w8gx87w8	.eJxVjFELAiEQhP-Lz3HYnutpj8H9Dll1RakM0nuK_nsnFNTDMOx8s_MUjrae3db44UoUJ3EEcfgNPYUL10HG2aZBuPYSqJd7_eI2rTcq1_On_LeQqeX9HbSPieaEEYdHu4sMBDQS55AsAliKUi2areKUzBIwapDkrVYMUrzesa45lA:1tItFX:XYGYkX7-chvJSs535N6S3FW5pqrmDW-Vu7l3hcqJxd8	2024-12-18 23:03:19.307029+05:30
cvuiqonebqqbmvjkzt34orv4655loll3	.eJxVjFELAiEQhP-Lz3HYnutpj8H9Dll1RakM0nuK_nsnFNTDMOx8s_MUjrae3db44UoUJ3EEcfgNPYUL10HG2aZBuPYSqJd7_eI2rTcq1_On_LeQqeX9HbSPieaEEYdHu4sMBDQS55AsAliKUi2areKUzBIwapDkrVYMUrzesa45lA:1tJDPT:vjlqYJ9P220LWlobM5BM6Q-3AmVoXSOdzbUZvo3MrFY	2024-12-19 20:34:55.626206+05:30
v0bzgdrbzccfwf812pzrf1dm4ntrzsx9	.eJxVjFELAiEQhP-Lz3HYnutpj8H9Dll1RakM0nuK_nsnFNTDMOx8s_MUjrae3db44UoUJ3EEcfgNPYUL10HG2aZBuPYSqJd7_eI2rTcq1_On_LeQqeX9HbSPieaEEYdHu4sMBDQS55AsAliKUi2areKUzBIwapDkrVYMUrzesa45lA:1tJDax:UyQBd7bAKdEyFRToeJ0gIedQ1V84gNB5dEdslotwLKE	2024-12-19 20:46:47.592895+05:30
xj9nfpmrjz42ac4whyobbledoer16o98	.eJxVjFELAiEQhP-Lz3HYnutpj8H9Dll1RakM0nuK_nsnFNTDMOx8s_MUjrae3db44UoUJ3EEcfgNPYUL10HG2aZBuPYSqJd7_eI2rTcq1_On_LeQqeX9HbSPieaEEYdHu4sMBDQS55AsAliKUi2areKUzBIwapDkrVYMUrzesa45lA:1tJEKp:XVPLTGWV7JBVFrO6VL9QleW9MdQQL72uX8JIvCF84hQ	2024-12-19 21:34:11.050218+05:30
vc01o2z3brds9g6hmznyqnm38xr3uyhc	.eJxVjFELAiEQhP-Lz3HYnutpj8H9Dll1RakM0nuK_nsnFNTDMOx8s_MUjrae3db44UoUJ3EEcfgNPYUL10HG2aZBuPYSqJd7_eI2rTcq1_On_LeQqeX9HbSPieaEEYdHu4sMBDQS55AsAliKUi2areKUzBIwapDkrVYMUrzesa45lA:1tJEMn:Hr4sarMHKkywHIOb4B7E19_-vP3otnACn1rkOGfSpyA	2024-12-19 21:36:13.57451+05:30
w1o4ha1xq08n4tdu872j1sw2gro7vhm3	.eJxVjFELAiEQhP-Lz3HYnutpj8H9Dll1RakM0nuK_nsnFNTDMOx8s_MUjrae3db44UoUJ3EEcfgNPYUL10HG2aZBuPYSqJd7_eI2rTcq1_On_LeQqeX9HbSPieaEEYdHu4sMBDQS55AsAliKUi2areKUzBIwapDkrVYMUrzesa45lA:1tJESI:EczGQL2zgC398JzASycB2JIN-5bE9_lhgFaW3LHw64U	2024-12-19 21:41:54.69795+05:30
sa6nvlqyx9icb72xtzbq4rpi80uoyn3p	.eJxVjFELAiEQhP-Lz3HYnutpj8H9Dll1RakM0nuK_nsnFNTDMOx8s_MUjrae3db44UoUJ3EEcfgNPYUL10HG2aZBuPYSqJd7_eI2rTcq1_On_LeQqeX9HbSPieaEEYdHu4sMBDQS55AsAliKUi2areKUzBIwapDkrVYMUrzesa45lA:1tJETJ:1U31M0ZENuw5OHp4x-CZj9qnfjs6TAIi3UCdkVE4Fzs	2024-12-19 21:42:57.03015+05:30
2kxkml69fqwr71duu2hzqe9i6ly5ny5b	.eJxVjFELAiEQhP-Lz3HYnutpj8H9Dll1RakM0nuK_nsnFNTDMOx8s_MUjrae3db44UoUJ3EEcfgNPYUL10HG2aZBuPYSqJd7_eI2rTcq1_On_LeQqeX9HbSPieaEEYdHu4sMBDQS55AsAliKUi2areKUzBIwapDkrVYMUrzesa45lA:1tJETy:2PAycfXN-oqX3BfUItED8f2sV0OFwsawbgTlwCPN9yM	2024-12-19 21:43:38.797134+05:30
aetg8pdnlnqi85u3pkms9l9ga4pwuq4w	.eJxVjFELAiEQhP-Lz3HYnutpj8H9Dll1RakM0nuK_nsnFNTDMOx8s_MUjrae3db44UoUJ3EEcfgNPYUL10HG2aZBuPYSqJd7_eI2rTcq1_On_LeQqeX9HbSPieaEEYdHu4sMBDQS55AsAliKUi2areKUzBIwapDkrVYMUrzesa45lA:1tJEVN:vJburu6TVdertU2v5axjSuvIOCn56J0dg-6VKLHGkhc	2024-12-19 21:45:05.192863+05:30
pxxvkx7jx57kplenw23u219alk8eo1ec	.eJxVjFELAiEQhP-Lz3HYnutpj8H9Dll1RakM0nuK_nsnFNTDMOx8s_MUjrae3db44UoUJ3EEcfgNPYUL10HG2aZBuPYSqJd7_eI2rTcq1_On_LeQqeX9HbSPieaEEYdHu4sMBDQS55AsAliKUi2areKUzBIwapDkrVYMUrzesa45lA:1tJEWZ:V20yPm8fApwII3qxyW0vdlXS8UvnKSi_CfE0p31eI9I	2024-12-19 21:46:19.425427+05:30
b1ichiep61g536w56lhkv7uf55lffa9i	.eJxVjFELAiEQhP-Lz3HYnutpj8H9Dll1RakM0nuK_nsnFNTDMOx8s_MUjrae3db44UoUJ3EEcfgNPYUL10HG2aZBuPYSqJd7_eI2rTcq1_On_LeQqeX9HbSPieaEEYdHu4sMBDQS55AsAliKUi2areKUzBIwapDkrVYMUrzesa45lA:1tJEYM:JSciXxnda1RWAmxHYv23PeF64ZqFpD0wUvfzEM9qRoA	2024-12-19 21:48:10.740709+05:30
owcgcj4j1qg366qlfd43239vtq53p4xo	.eJxVjFELAiEQhP-Lz3HYnutpj8H9Dll1RakM0nuK_nsnFNTDMOx8s_MUjrae3db44UoUJ3EEcfgNPYUL10HG2aZBuPYSqJd7_eI2rTcq1_On_LeQqeX9HbSPieaEEYdHu4sMBDQS55AsAliKUi2areKUzBIwapDkrVYMUrzesa45lA:1tJEdm:R085mRmuhymEnfYcwexBuwqZEvqLQPrXWTjIHvS5BfA	2024-12-19 21:53:46.508136+05:30
tvngnbepeoh3a8ofhb9l21y4ut935jr6	.eJxVjFELAiEQhP-Lz3HYnutpj8H9Dll1RakM0nuK_nsnFNTDMOx8s_MUjrae3db44UoUJ3EEcfgNPYUL10HG2aZBuPYSqJd7_eI2rTcq1_On_LeQqeX9HbSPieaEEYdHu4sMBDQS55AsAliKUi2areKUzBIwapDkrVYMUrzesa45lA:1tJElG:V7o5Q3xxzKFa00mH7_JflU-UKlqFEjY2xBZ68khiwLQ	2024-12-19 22:01:30.443355+05:30
88im3169ni5r9sqcn6dujcltjzcffaug	.eJxVjFELAiEQhP-Lz3HYnutpj8H9Dll1RakM0nuK_nsnFNTDMOx8s_MUjrae3db44UoUJ3EEcfgNPYUL10HG2aZBuPYSqJd7_eI2rTcq1_On_LeQqeX9HbSPieaEEYdHu4sMBDQS55AsAliKUi2areKUzBIwapDkrVYMUrzesa45lA:1tJEnt:W4o0cMwz5frP95X6ZyrwIHniY4KUQxuOZQOtz2g5baU	2024-12-19 22:04:13.735494+05:30
yb9490dkzbaz13l6d0ejaztxljvdc9py	.eJxVjFELAiEQhP-Lz3HYnutpj8H9Dll1RakM0nuK_nsnFNTDMOx8s_MUjrae3db44UoUJ3EEcfgNPYUL10HG2aZBuPYSqJd7_eI2rTcq1_On_LeQqeX9HbSPieaEEYdHu4sMBDQS55AsAliKUi2areKUzBIwapDkrVYMUrzesa45lA:1tJEue:7TsjLn7-aZG_V9SSRP2FcqjCXCCu5SyUWJ-Xti2vxds	2024-12-19 22:11:12.45955+05:30
e837gyzyxdh4iri36jmsvn5msm3z6ht1	.eJxVjFELAiEQhP-Lz3HYnutpj8H9Dll1RakM0nuK_nsnFNTDMOx8s_MUjrae3db44UoUJ3EEcfgNPYUL10HG2aZBuPYSqJd7_eI2rTcq1_On_LeQqeX9HbSPieaEEYdHu4sMBDQS55AsAliKUi2areKUzBIwapDkrVYMUrzesa45lA:1tJEy1:RsnNgWSVQrEAWRsH_xLUuCX8cP6pRUwPBVIDa_y5D9E	2024-12-19 22:14:41.449379+05:30
6whh9p9fsgjyoc9mkqc4fjytcjd99yix	.eJxVjFELAiEQhP-Lz3HYnutpj8H9Dll1RakM0nuK_nsnFNTDMOx8s_MUjrae3db44UoUJ3EEcfgNPYUL10HG2aZBuPYSqJd7_eI2rTcq1_On_LeQqeX9HbSPieaEEYdHu4sMBDQS55AsAliKUi2areKUzBIwapDkrVYMUrzesa45lA:1tJEzr:WqDdpkvvHgpfanWUeVcaRRXiszUqvaTQqp0NfU4l5ec	2024-12-19 22:16:35.645341+05:30
0jrqm0mc0iwzneppm5695ldf9jumbwf4	.eJxVjFELAiEQhP-Lz3HYnutpj8H9Dll1RakM0nuK_nsnFNTDMOx8s_MUjrae3db44UoUJ3EEcfgNPYUL10HG2aZBuPYSqJd7_eI2rTcq1_On_LeQqeX9HbSPieaEEYdHu4sMBDQS55AsAliKUi2areKUzBIwapDkrVYMUrzesa45lA:1tJF92:pl18aK0MqkpDHPhci08k6FOY-PLxDN-Ujem7hgVztFs	2024-12-19 22:26:04.305572+05:30
bpxwq8ny3m3tiux1c8u30p646iywzor8	.eJxVjFELAiEQhP-Lz3HYnutpj8H9Dll1RakM0nuK_nsnFNTDMOx8s_MUjrae3db44UoUJ3EEcfgNPYUL10HG2aZBuPYSqJd7_eI2rTcq1_On_LeQqeX9HbSPieaEEYdHu4sMBDQS55AsAliKUi2areKUzBIwapDkrVYMUrzesa45lA:1tJFBR:-yAjmo1JFIpiUFRmhkSRCnGrphJUpI3toCRFsWULqos	2024-12-19 22:28:33.845153+05:30
8dmtc7ldvb85010ppd2lnl5t640b1epz	.eJxVjFELAiEQhP-Lz3HYnutpj8H9Dll1RakM0nuK_nsnFNTDMOx8s_MUjrae3db44UoUJ3EEcfgNPYUL10HG2aZBuPYSqJd7_eI2rTcq1_On_LeQqeX9HbSPieaEEYdHu4sMBDQS55AsAliKUi2areKUzBIwapDkrVYMUrzesa45lA:1tJFHg:SRD7NPwTh4MZEK8wjFkkjb3wBfq6MgYKVp7cD5gMKC8	2024-12-19 22:35:00.273323+05:30
qsew4shme7df298ozakcqdxpkcq0hpof	.eJxVjFELAiEQhP-Lz3HYnutpj8H9Dll1RakM0nuK_nsnFNTDMOx8s_MUjrae3db44UoUJ3EEcfgNPYUL10HG2aZBuPYSqJd7_eI2rTcq1_On_LeQqeX9HbSPieaEEYdHu4sMBDQS55AsAliKUi2areKUzBIwapDkrVYMUrzesa45lA:1tJFOB:xVVeOC5OObbu42usL9YVzq8aiKPkvCe9RAzXOYXI8_A	2024-12-19 22:41:43.037306+05:30
diuynsv9jsqmvyohqbqksg88lgtx3s0b	.eJxVjFELAiEQhP-Lz3HYnutpj8H9Dll1RakM0nuK_nsnFNTDMOx8s_MUjrae3db44UoUJ3EEcfgNPYUL10HG2aZBuPYSqJd7_eI2rTcq1_On_LeQqeX9HbSPieaEEYdHu4sMBDQS55AsAliKUi2areKUzBIwapDkrVYMUrzesa45lA:1tJFQS:XNNaeoH8-TTQvIjVakGKnpMzmwOrGhX6NEDY1Gtf24Y	2024-12-19 22:44:04.809791+05:30
ngp2fwcgycom6do2bb0fj80u7ff61l2n	.eJxVjFELAiEQhP-Lz3HYnutpj8H9Dll1RakM0nuK_nsnFNTDMOx8s_MUjrae3db44UoUJ3EEcfgNPYUL10HG2aZBuPYSqJd7_eI2rTcq1_On_LeQqeX9HbSPieaEEYdHu4sMBDQS55AsAliKUi2areKUzBIwapDkrVYMUrzesa45lA:1tJFRU:cBYNnaWSNTRAU3Bb4jeT_jcrTRTXfrdfKKBsrkxHCP4	2024-12-19 22:45:08.045609+05:30
nsyy0ci8dnca99wnw8pvndijzt1njm15	.eJxVjFELAiEQhP-Lz3HYnutpj8H9Dll1RakM0nuK_nsnFNTDMOx8s_MUjrae3db44UoUJ3EEcfgNPYUL10HG2aZBuPYSqJd7_eI2rTcq1_On_LeQqeX9HbSPieaEEYdHu4sMBDQS55AsAliKUi2areKUzBIwapDkrVYMUrzesa45lA:1tJFT3:EKXH3KPwXcUSpwgYv522qQjbVBOxO6YkGrKu4d7bvck	2024-12-19 22:46:45.614557+05:30
iqw3bb1iyhcp1y8zwpenpotl2o3bukjm	.eJxVjFELAiEQhP-Lz3HYnutpj8H9Dll1RakM0nuK_nsnFNTDMOx8s_MUjrae3db44UoUJ3EEcfgNPYUL10HG2aZBuPYSqJd7_eI2rTcq1_On_LeQqeX9HbSPieaEEYdHu4sMBDQS55AsAliKUi2areKUzBIwapDkrVYMUrzesa45lA:1tJRxJ:tQ7auFDHP2KSAt52z6PEnaqA1GhwzO7D5vtmUi_lqE4	2024-12-20 12:06:49.480587+05:30
ne3s1elqzell55j6u8yc1rh5ii02vy5e	.eJxVjFELAiEQhP-Lz3HYnutpj8H9Dll1RakM0nuK_nsnFNTDMOx8s_MUjrae3db44UoUJ3EEcfgNPYUL10HG2aZBuPYSqJd7_eI2rTcq1_On_LeQqeX9HbSPieaEEYdHu4sMBDQS55AsAliKUi2areKUzBIwapDkrVYMUrzesa45lA:1tJRzZ:4g88RtppoGylPQHT2apA3HV6Uec83EnSlpAW7pJs1h4	2024-12-20 12:09:09.417769+05:30
tl07nlbce6w8x1cp4k2pokg4c3ks2x6e	.eJxVjFELAiEQhP-Lz3HYnutpj8H9Dll1RakM0nuK_nsnFNTDMOx8s_MUjrae3db44UoUJ3EEcfgNPYUL10HG2aZBuPYSqJd7_eI2rTcq1_On_LeQqeX9HbSPieaEEYdHu4sMBDQS55AsAliKUi2areKUzBIwapDkrVYMUrzesa45lA:1tJS7J:hkjLCoQfi2SPnJf_QpZG9OMXC7_57GKqRDZp4v3on2U	2024-12-20 12:17:09.909673+05:30
m8fzbu4tkx2t7yyr7fa040c9ktpnxi59	.eJxVjFELAiEQhP-Lz3HYnutpj8H9Dll1RakM0nuK_nsnFNTDMOx8s_MUjrae3db44UoUJ3EEcfgNPYUL10HG2aZBuPYSqJd7_eI2rTcq1_On_LeQqeX9HbSPieaEEYdHu4sMBDQS55AsAliKUi2areKUzBIwapDkrVYMUrzesa45lA:1tJSOU:SNj7j0awAqHSqXVtBRg-VamMfzyqjy1_2-WQPaDJdPs	2024-12-20 12:34:54.545737+05:30
s6uh3tu185ejg24bt99a9wjfi35vmdhv	.eJxVjFELAiEQhP-Lz3HYnutpj8H9Dll1RakM0nuK_nsnFNTDMOx8s_MUjrae3db44UoUJ3EEcfgNPYUL10HG2aZBuPYSqJd7_eI2rTcq1_On_LeQqeX9HbSPieaEEYdHu4sMBDQS55AsAliKUi2areKUzBIwapDkrVYMUrzesa45lA:1tJSQV:wL0xT7njTR86dUe2xz_EuXSoaGNMWtmBPlwcYkCH2RE	2024-12-20 12:36:59.432659+05:30
tacgv72dgdqt7y34nnvr6tfghmwu794w	.eJxVjFELAiEQhP-Lz3HYnutpj8H9Dll1RakM0nuK_nsnFNTDMOx8s_MUjrae3db44UoUJ3EEcfgNPYUL10HG2aZBuPYSqJd7_eI2rTcq1_On_LeQqeX9HbSPieaEEYdHu4sMBDQS55AsAliKUi2areKUzBIwapDkrVYMUrzesa45lA:1tJSVE:h6l8OSY2nynOsb4TyZKfXKKNRmNr3aMhCEKRUG7YWg8	2024-12-20 12:41:52.201285+05:30
iqw8d47snhp4is5owxwzi8g6awkcu1id	.eJxVjFELAiEQhP-Lz3HYnutpj8H9Dll1RakM0nuK_nsnFNTDMOx8s_MUjrae3db44UoUJ3EEcfgNPYUL10HG2aZBuPYSqJd7_eI2rTcq1_On_LeQqeX9HbSPieaEEYdHu4sMBDQS55AsAliKUi2areKUzBIwapDkrVYMUrzesa45lA:1tJm0L:--d-lIz4rxkjZeI9KnTc5TcoceA6Ppm9Spdl68poGd4	2024-12-21 09:31:17.878004+05:30
onk71jhve91sxj4whtw58k2ak2vixkut	.eJxVjFELAiEQhP-Lz3HYnutpj8H9Dll1RakM0nuK_nsnFNTDMOx8s_MUjrae3db44UoUJ3EEcfgNPYUL10HG2aZBuPYSqJd7_eI2rTcq1_On_LeQqeX9HbSPieaEEYdHu4sMBDQS55AsAliKUi2areKUzBIwapDkrVYMUrzesa45lA:1tJmWy:YTbd-zrpalyDY7qNTJ-wmXB2QebGocowYhj2undwpxw	2024-12-21 10:05:00.825457+05:30
49pejijp3926wf7ryjukvs42cqhlijna	.eJxVjFELAiEQhP-Lz3HYnutpj8H9Dll1RakM0nuK_nsnFNTDMOx8s_MUjrae3db44UoUJ3EEcfgNPYUL10HG2aZBuPYSqJd7_eI2rTcq1_On_LeQqeX9HbSPieaEEYdHu4sMBDQS55AsAliKUi2areKUzBIwapDkrVYMUrzesa45lA:1tJmaC:WM3Usp0DIF_2RysYex1U2T2BYP-c2nzW7cP0cyN8o-o	2024-12-21 10:08:20.413987+05:30
4ij47i36hslqp47jc7pd4rfio15mr28a	.eJxVjFELAiEQhP-Lz3HYnutpj8H9Dll1RakM0nuK_nsnFNTDMOx8s_MUjrae3db44UoUJ3EEcfgNPYUL10HG2aZBuPYSqJd7_eI2rTcq1_On_LeQqeX9HbSPieaEEYdHu4sMBDQS55AsAliKUi2areKUzBIwapDkrVYMUrzesa45lA:1tJmf7:QOtw8vW1Ikblomhk_Tzy65dKzmdHwrI8M3bARONFXxU	2024-12-21 10:13:25.915049+05:30
crh6enzf44nbuwbb099ltbfxy3g7ia5j	.eJxVjFELAiEQhP-Lz3HYnutpj8H9Dll1RakM0nuK_nsnFNTDMOx8s_MUjrae3db44UoUJ3EEcfgNPYUL10HG2aZBuPYSqJd7_eI2rTcq1_On_LeQqeX9HbSPieaEEYdHu4sMBDQS55AsAliKUi2areKUzBIwapDkrVYMUrzesa45lA:1tJmjM:qkH3pZBW05dVIysWyy-4mLHK03Mx59rSR0uYSeACoXk	2024-12-21 10:17:48.90268+05:30
qa3k20xs7xuuevvj8slul4aacn2bjxuk	.eJxVjFELAiEQhP-Lz3HYnutpj8H9Dll1RakM0nuK_nsnFNTDMOx8s_MUjrae3db44UoUJ3EEcfgNPYUL10HG2aZBuPYSqJd7_eI2rTcq1_On_LeQqeX9HbSPieaEEYdHu4sMBDQS55AsAliKUi2areKUzBIwapDkrVYMUrzesa45lA:1tJmko:6K-6heyFHqLblYCQCnTUCWj85_6Iw8zTdaphxrTeINg	2024-12-21 10:19:18.432787+05:30
9m97k2s86ke16b558qbpbf9ln5fniers	.eJxVjFELAiEQhP-Lz3HYnutpj8H9Dll1RakM0nuK_nsnFNTDMOx8s_MUjrae3db44UoUJ3EEcfgNPYUL10HG2aZBuPYSqJd7_eI2rTcq1_On_LeQqeX9HbSPieaEEYdHu4sMBDQS55AsAliKUi2areKUzBIwapDkrVYMUrzesa45lA:1tJmpW:ZfEtjuPqpOkIWh4RXtch0NbmJDk0ue8kA5XHPFhbgsg	2024-12-21 10:24:10.528655+05:30
i1zm3jy2e5rkd27p83jsqb4nf7w3n21q	.eJxVjFELAiEQhP-Lz3HYnutpj8H9Dll1RakM0nuK_nsnFNTDMOx8s_MUjrae3db44UoUJ3EEcfgNPYUL10HG2aZBuPYSqJd7_eI2rTcq1_On_LeQqeX9HbSPieaEEYdHu4sMBDQS55AsAliKUi2areKUzBIwapDkrVYMUrzesa45lA:1tJmr2:NjLaV02k33E5zE0V3D--ULPGqw1s_2v76rAPMNjg16c	2024-12-21 10:25:44.174243+05:30
0uuxt3biepenny743pl1i5qy97mb5xyw	.eJxVjFELAiEQhP-Lz3HYnutpj8H9Dll1RakM0nuK_nsnFNTDMOx8s_MUjrae3db44UoUJ3EEcfgNPYUL10HG2aZBuPYSqJd7_eI2rTcq1_On_LeQqeX9HbSPieaEEYdHu4sMBDQS55AsAliKUi2areKUzBIwapDkrVYMUrzesa45lA:1tJmyZ:9mHO-lT7Tz7HdYjmf2PtMIVD_FNH1urHWfAocvg4Y84	2024-12-21 10:33:31.674511+05:30
v55gruokewjquo7fucmg98yy4khuutmi	.eJxVjFELAiEQhP-Lz3HYnutpj8H9Dll1RakM0nuK_nsnFNTDMOx8s_MUjrae3db44UoUJ3EEcfgNPYUL10HG2aZBuPYSqJd7_eI2rTcq1_On_LeQqeX9HbSPieaEEYdHu4sMBDQS55AsAliKUi2areKUzBIwapDkrVYMUrzesa45lA:1tJn38:kTm9XxG-W2plZ1pxwljIAoNnHIUeNVkLKozPN1tMSJc	2024-12-21 10:38:14.675117+05:30
9ylv1qdz16xrzmqtfntjhgka7y99xhyy	.eJxVjFELAiEQhP-Lz3HYnutpj8H9Dll1RakM0nuK_nsnFNTDMOx8s_MUjrae3db44UoUJ3EEcfgNPYUL10HG2aZBuPYSqJd7_eI2rTcq1_On_LeQqeX9HbSPieaEEYdHu4sMBDQS55AsAliKUi2areKUzBIwapDkrVYMUrzesa45lA:1tJnA6:eMc3R8Du3UccJ48tDCWZosevS_5bCHWeK0nPYfr5U9o	2024-12-21 10:45:26.818213+05:30
t3aqtz0zx7w39negp1z73vviuyo5vzw2	.eJxVjFELAiEQhP-Lz3HYnutpj8H9Dll1RakM0nuK_nsnFNTDMOx8s_MUjrae3db44UoUJ3EEcfgNPYUL10HG2aZBuPYSqJd7_eI2rTcq1_On_LeQqeX9HbSPieaEEYdHu4sMBDQS55AsAliKUi2areKUzBIwapDkrVYMUrzesa45lA:1tJnDo:6SJnWLN6gG9-Yc6cP755DLRcdoV9D79Fjw3UxtnjTf4	2024-12-21 10:49:16.306726+05:30
x968at5hrx24e7wht423qhpmzze0ijcf	.eJxVjFELAiEQhP-Lz3HYnutpj8H9Dll1RakM0nuK_nsnFNTDMOx8s_MUjrae3db44UoUJ3EEcfgNPYUL10HG2aZBuPYSqJd7_eI2rTcq1_On_LeQqeX9HbSPieaEEYdHu4sMBDQS55AsAliKUi2areKUzBIwapDkrVYMUrzesa45lA:1tJnJ2:jtXRK08bconzUl3oYSLDC1A_Tf82DhPSr6E8cIwF0bw	2024-12-21 10:54:40.910306+05:30
zf6tp9jaa8cdqrijlb650n1dysb29hpd	.eJxVjFELAiEQhP-Lz3HYnutpj8H9Dll1RakM0nuK_nsnFNTDMOx8s_MUjrae3db44UoUJ3EEcfgNPYUL10HG2aZBuPYSqJd7_eI2rTcq1_On_LeQqeX9HbSPieaEEYdHu4sMBDQS55AsAliKUi2areKUzBIwapDkrVYMUrzesa45lA:1tJnL1:jokzhVo6HUhvNSWNH4EY4MscRBOMsUgTtHUTIscfbYE	2024-12-21 10:56:43.224737+05:30
uj3pdbpa3em3s2n7mxotd1gfbistwiyf	.eJxVjFELAiEQhP-Lz3HYnutpj8H9Dll1RakM0nuK_nsnFNTDMOx8s_MUjrae3db44UoUJ3EEcfgNPYUL10HG2aZBuPYSqJd7_eI2rTcq1_On_LeQqeX9HbSPieaEEYdHu4sMBDQS55AsAliKUi2areKUzBIwapDkrVYMUrzesa45lA:1tJncS:gdbTwBO-SxOQV6z0iKYYO21ukoe8o5s2es-dYRsnDwU	2024-12-21 11:14:44.911393+05:30
ctyf7xptbigiuarmy9m760rt377k71zh	.eJxVjFELAiEQhP-Lz3HYnutpj8H9Dll1RakM0nuK_nsnFNTDMOx8s_MUjrae3db44UoUJ3EEcfgNPYUL10HG2aZBuPYSqJd7_eI2rTcq1_On_LeQqeX9HbSPieaEEYdHu4sMBDQS55AsAliKUi2areKUzBIwapDkrVYMUrzesa45lA:1tJneb:RVpysBA7iK9wOdO-DZ9Q2z3vs1RSPfVkdjQDQgfSYYA	2024-12-21 11:16:57.302001+05:30
o9ew62wm9yrt5bod0222g3okqjc9vr8f	e30:1tKADT:qo4yFgaM88HIhhhXkc6kg4LvIXibYgIhJl7KN0fS9I8	2024-12-22 11:22:27.551345+05:30
r3taf4t1f7ai75rpxw4nj8k2qb0j2scn	.eJxVjEsKAjEQRO-StQw9-ZG4FDxH6KQ7JKgRTGY1eHcNKOiy6r2qXQTcRglb50eoJI5iBXH4LSOmC7dJZuzLJNxGTTjqvX1xX843rNfTR_57KNjLe66ANUgyZLJMjHZNbJk9yewtRNKcCT07RUZT8lEaYgSrJDunSYEXzxezLjnu:1tKAI5:9JT7QGyPxQgQozRzqnB682eO11A33b105TnHOCdKerI	2024-12-22 11:27:13.246726+05:30
f2xghnfajeighr2g6pn5elfaicotxh5b	e30:1tKAQD:XiQ0zaB0mQXwRsyg7472KCY_6rQ6eMhMVFqg6fAS8nY	2024-12-22 11:35:37.73577+05:30
i8x8gmo6e2qi7fx2g8vksfetyndvbj01	e30:1tKAR0:lcO533WAHsptKjlmtgnhasRQ0H2peaEYszGxnHEov7U	2024-12-22 11:36:26.869765+05:30
htmxs2xxjq0rmgvir8811pwmcon71dhk	e30:1tKASo:lR1WPB12xj5YHLVgpQjsJKqynJLqPZRrOR_Ib1xphdA	2024-12-22 11:38:18.113153+05:30
ouyp0bznzwa7layan46kqe67ysittxl5	e30:1tKATh:uh5B_dJK5oXVMCHsuIMaehVRqFMAHWbZagjlEf4VM_I	2024-12-22 11:39:13.808905+05:30
hn8zi474bfo06xb0ae1lfl6bsbmwu04e	.eJxVjEsKAjEQRO-StQw9-ZG4FDxH6KQ7JKgRTGY1eHcNKOiy6r2qXQTcRglb50eoJI5iBXH4LSOmC7dJZuzLJNxGTTjqvX1xX843rNfTR_57KNjLe66ANUgyZLJMjHZNbJk9yewtRNKcCT07RUZT8lEaYgSrJDunSYEXzxezLjnu:1tKCj4:GLktNwpgi0G_MQXYtuH1nygtRKXl7Z0MsefkI1q9riM	2024-12-22 14:03:14.624392+05:30
qtwa2thp3vnr7n6dqz3mraxyjp3nyzdz	.eJxVjEsKAjEQRO-StQw9-ZG4FDxH6KQ7JKgRTGY1eHcNKOiy6r2qXQTcRglb50eoJI5iBXH4LSOmC7dJZuzLJNxGTTjqvX1xX843rNfTR_57KNjLe66ANUgyZLJMjHZNbJk9yewtRNKcCT07RUZT8lEaYgSrJDunSYEXzxezLjnu:1tKDWN:6cTMrYbr2wWG77cYievz6tbKSzXewW24Rv2JXCvx8ng	2024-12-22 14:54:11.042121+05:30
2w9s1078xruzwttssfo2jhmpninxyfke	.eJxVjEsKAjEQRO-StQw9-ZG4FDxH6KQ7JKgRTGY1eHcNKOiy6r2qXQTcRglb50eoJI5iBXH4LSOmC7dJZuzLJNxGTTjqvX1xX843rNfTR_57KNjLe66ANUgyZLJMjHZNbJk9yewtRNKcCT07RUZT8lEaYgSrJDunSYEXzxezLjnu:1tKDdP:GtvFDDJRl8cClAu5TrhXv_F7jLi0co89IOeRLz42m98	2024-12-22 15:01:27.325235+05:30
6p02to9xi4akizb3wmzzms8t06jqluac	.eJxVjEsKAjEQRO-StQw9-ZG4FDxH6KQ7JKgRTGY1eHcNKOiy6r2qXQTcRglb50eoJI5iBXH4LSOmC7dJZuzLJNxGTTjqvX1xX843rNfTR_57KNjLe66ANUgyZLJMjHZNbJk9yewtRNKcCT07RUZT8lEaYgSrJDunSYEXzxezLjnu:1tKEVn:pmW7oxncGOdaxTNNSuD2nmg8oQFDiN6Iv4xg245Mh0s	2024-12-22 15:57:39.905419+05:30
evxm0dhokzwl7bkt70e3omakk8y4gl2m	.eJxVjEsKAjEQRO-StQw9-ZG4FDxH6KQ7JKgRTGY1eHcNKOiy6r2qXQTcRglb50eoJI5iBXH4LSOmC7dJZuzLJNxGTTjqvX1xX843rNfTR_57KNjLe66ANUgyZLJMjHZNbJk9yewtRNKcCT07RUZT8lEaYgSrJDunSYEXzxezLjnu:1tKEfq:zkAheDemyRUEv-H7aPBtyM9XLJqWLSjJ1l8USPtFJsk	2024-12-22 16:08:02.015925+05:30
7j78lxwl3m4v510wtr1xi94o76k08czo	.eJxVjEsKAjEQRO-StQw9-ZG4FDxH6KQ7JKgRTGY1eHcNKOiy6r2qXQTcRglb50eoJI5iBXH4LSOmC7dJZuzLJNxGTTjqvX1xX843rNfTR_57KNjLe66ANUgyZLJMjHZNbJk9yewtRNKcCT07RUZT8lEaYgSrJDunSYEXzxezLjnu:1tKEpT:mIwr9O-TeSxHPSS5d4X5342vsvIeYFyJ1F8gd7ZIU_E	2024-12-22 16:17:59.911065+05:30
q7aau7hlo2zoyjts7thpec8cfbof03hg	.eJxVjEsKAjEQRO-StQw9-ZG4FDxH6KQ7JKgRTGY1eHcNKOiy6r2qXQTcRglb50eoJI5iBXH4LSOmC7dJZuzLJNxGTTjqvX1xX843rNfTR_57KNjLe66ANUgyZLJMjHZNbJk9yewtRNKcCT07RUZT8lEaYgSrJDunSYEXzxezLjnu:1tKGMG:RGg_gP4YMb5DX_fO7z29lRZmBAtT7_sNWy53iT2z-4g	2024-12-22 17:55:56.405219+05:30
nr0sn7sh58e9wu7924uhv9o748z5rgnd	.eJxVjEsKAjEQRO-StQw9-ZG4FDxH6KQ7JKgRTGY1eHcNKOiy6r2qXQTcRglb50eoJI5iBXH4LSOmC7dJZuzLJNxGTTjqvX1xX843rNfTR_57KNjLe66ANUgyZLJMjHZNbJk9yewtRNKcCT07RUZT8lEaYgSrJDunSYEXzxezLjnu:1tKGOt:1wpphp3JYQvExvfdqrYSr0ABOPEF1VEVcqwK4luyMu8	2024-12-22 17:58:39.958704+05:30
7y6mx27lvdm41gfzw2ak5spnd3b5jjel	.eJxVjEsKAjEQRO-StQw9-ZG4FDxH6KQ7JKgRTGY1eHcNKOiy6r2qXQTcRglb50eoJI5iBXH4LSOmC7dJZuzLJNxGTTjqvX1xX843rNfTR_57KNjLe66ANUgyZLJMjHZNbJk9yewtRNKcCT07RUZT8lEaYgSrJDunSYEXzxezLjnu:1tKHSw:61qPd79gk0Nz2ZOOrJmAVbXtQ2TIzruR4JFX6CrV6oo	2024-12-22 19:06:54.456545+05:30
xfir107k613pr4g3lkhuvb89n3ylbdx6	.eJxVjEsKAjEQRO-StQw9-ZG4FDxH6KQ7JKgRTGY1eHcNKOiy6r2qXQTcRglb50eoJI5iBXH4LSOmC7dJZuzLJNxGTTjqvX1xX843rNfTR_57KNjLe66ANUgyZLJMjHZNbJk9yewtRNKcCT07RUZT8lEaYgSrJDunSYEXzxezLjnu:1tKHbC:VyyRNRHv_pC-IYytepJlV70CR6A19hceBeCQ76tZfsk	2024-12-22 19:15:26.207473+05:30
sp1ospp328mvws4m8t97l6k4axinux2g	.eJxVjEsKAjEQRO-StQw9-ZG4FDxH6KQ7JKgRTGY1eHcNKOiy6r2qXQTcRglb50eoJI5iBXH4LSOmC7dJZuzLJNxGTTjqvX1xX843rNfTR_57KNjLe66ANUgyZLJMjHZNbJk9yewtRNKcCT07RUZT8lEaYgSrJDunSYEXzxezLjnu:1tKIHO:AEszCZOfZRgdH8yQYxDeCj5_V53m2c9zjcJFV2KsuxA	2024-12-22 19:59:02.886971+05:30
56bjf0azo5b35lqvxehnhuxb25nuixdb	.eJxVjEsKAjEQRO-StQw9-ZG4FDxH6KQ7JKgRTGY1eHcNKOiy6r2qXQTcRglb50eoJI5iBXH4LSOmC7dJZuzLJNxGTTjqvX1xX843rNfTR_57KNjLe66ANUgyZLJMjHZNbJk9yewtRNKcCT07RUZT8lEaYgSrJDunSYEXzxezLjnu:1tKIqB:CzxxWMJncl4s3Cu98FOJ5m0a-3cTPa_MOq3x8Yr3eAw	2024-12-22 20:34:59.852819+05:30
4ae2e5rrezv2eovsncs57lyc1m7jhp3a	.eJxVjEsKAjEQRO-StQw9-ZG4FDxH6KQ7JKgRTGY1eHcNKOiy6r2qXQTcRglb50eoJI5iBXH4LSOmC7dJZuzLJNxGTTjqvX1xX843rNfTR_57KNjLe66ANUgyZLJMjHZNbJk9yewtRNKcCT07RUZT8lEaYgSrJDunSYEXzxezLjnu:1tKIyd:cyhv3v-dnokUN1xQKheZgN5OgBaMH-f5phJlCoZxmzI	2024-12-22 20:43:43.927942+05:30
dpxf3z8bg57dej3nb487wt9dthvz2x26	.eJxVjEsKAjEQRO-StQw9-ZG4FDxH6KQ7JKgRTGY1eHcNKOiy6r2qXQTcRglb50eoJI5iBXH4LSOmC7dJZuzLJNxGTTjqvX1xX843rNfTR_57KNjLe66ANUgyZLJMjHZNbJk9yewtRNKcCT07RUZT8lEaYgSrJDunSYEXzxezLjnu:1tKJxb:WJ6sI-IYV7QduTo5yX01ihQGYqUp66S7WfSFTKG2WDQ	2024-12-22 21:46:43.871289+05:30
cqmihhdqlhstkcj5eu2q93a66jb1qvde	.eJxVjEsKAjEQRO-StQw9-ZG4FDxH6KQ7JKgRTGY1eHcNKOiy6r2qXQTcRglb50eoJI5iBXH4LSOmC7dJZuzLJNxGTTjqvX1xX843rNfTR_57KNjLe66ANUgyZLJMjHZNbJk9yewtRNKcCT07RUZT8lEaYgSrJDunSYEXzxezLjnu:1tKKyv:Vy1G4B932YVhk7lCMfbGnK-aPOqZeuWYwEhegw12_2M	2024-12-22 22:52:09.335727+05:30
vn31hk8yv7h3k9pwjkzt289aewcegpor	.eJxVjEsKAjEQRO-StQw9-ZG4FDxH6KQ7JKgRTGY1eHcNKOiy6r2qXQTcRglb50eoJI5iBXH4LSOmC7dJZuzLJNxGTTjqvX1xX843rNfTR_57KNjLe66ANUgyZLJMjHZNbJk9yewtRNKcCT07RUZT8lEaYgSrJDunSYEXzxezLjnu:1tKMVO:K5e_gRY7Rq4-V5b-5SUXn9-NSsUsWPWUbL5r8qxmHjE	2024-12-23 00:29:46.924918+05:30
e2kar8w1f18c6o6d2dt18a6gih4ii61j	.eJxVjEsKAjEQRO-StQw9-ZG4FDxH6KQ7JKgRTGY1eHcNKOiy6r2qXQTcRglb50eoJI5iBXH4LSOmC7dJZuzLJNxGTTjqvX1xX843rNfTR_57KNjLe66ANUgyZLJMjHZNbJk9yewtRNKcCT07RUZT8lEaYgSrJDunSYEXzxezLjnu:1tKMd5:E3iQ3q-oGIG7IT30_ztNu0IJ8H5vc7C6i2mTrLWaMio	2024-12-23 00:37:43.650298+05:30
o61rbw9bhvh39lthq9g7nc909c5vv7kj	.eJxVjEsKAjEQRO-StQw9-ZG4FDxH6KQ7JKgRTGY1eHcNKOiy6r2qXQTcRglb50eoJI5iBXH4LSOmC7dJZuzLJNxGTTjqvX1xX843rNfTR_57KNjLe66ANUgyZLJMjHZNbJk9yewtRNKcCT07RUZT8lEaYgSrJDunSYEXzxezLjnu:1tKMeK:g21WX3cIokjDsXpk3ZOD7GO3Bfyxo0cdW4crV8Eb4no	2024-12-23 00:39:01.000066+05:30
69cbfyioat0615tls6l0v5m0h025zlr3	.eJxVjEsKAjEQRO-StQw9-ZG4FDxH6KQ7JKgRTGY1eHcNKOiy6r2qXQTcRglb50eoJI5iBXH4LSOmC7dJZuzLJNxGTTjqvX1xX843rNfTR_57KNjLe66ANUgyZLJMjHZNbJk9yewtRNKcCT07RUZT8lEaYgSrJDunSYEXzxezLjnu:1tKMgc:zy91NGQv-nFzobTFIj8uDrMFhAjmicz2TgOZPJUuShM	2024-12-23 00:41:22.475537+05:30
eriebd2cmw5aej2ueurbt4blyccd5af7	.eJxVjMEKwjAQRP8lZylp6tZdj0K_o2yyGxLUCCY9if-uAQU9zrw38zArby2tW9X7msUcDZndb-c5nLV00GMdOtHScuCWb-WL67BcOV9OH_nvIXFN7zmKY8WZIIZgfaRIpCKAwmp1UnU6-8MeODiVKDgSOHRonQAQ-XEyzxej0Tmx:1tKN6D:uqQ6Fg3ufCWGzWVDyl73_bzUgnRRdNlIE2Tiir4QMeU	2024-12-23 01:07:49.539755+05:30
2xcux6cxlkif13v39pkufc3qcpjin1qs	.eJxVjEsKAjEQRO-StQw9-ZG4FDxH6KQ7JKgRTGY1eHcNKOiy6r2qXQTcRglb50eoJI5iBXH4LSOmC7dJZuzLJNxGTTjqvX1xX843rNfTR_57KNjLe66ANUgyZLJMjHZNbJk9yewtRNKcCT07RUZT8lEaYgSrJDunSYEXzxezLjnu:1tKNAL:_qgNLkBFPpyt5DIYfsCTEWKJYmp0hdFZReEogMYZ5Yc	2024-12-23 01:12:05.147018+05:30
\.


--
-- Data for Name: donations_donation; Type: TABLE DATA; Schema: public; Owner: postgres
--

COPY public.donations_donation (id, user_id_id, ngo_id_id, date, amount) FROM stdin;
1	10	1008	2024-12-08 19:35:55.774143	1000.00
2	9	1010	2024-12-08 19:40:41.821917	100.00
\.


--
-- Data for Name: ngos_ngo; Type: TABLE DATA; Schema: public; Owner: postgres
--

COPY public.ngos_ngo (id, name, email, address, contact_person, mobile_number, purpose, completed_project, ongoing_project, last_login, account_number) FROM stdin;
1004	Mission Humanity 1	mission.humanity.1@yahoo.com	27, Koramangala, 1st Cross, Bengaluru	Kiran Kumar	+91-8520973629	Social Justice	Animal Rescue and Welfare	Renewable Energy Project	\N	0000000000000000
1005	Aarogya India 2	aarogya.india.2@outlook.com	52, MG Road, 4th Block, Bengaluru	Shweta Rao	+91-8236549184	Elderly Care	Community Empowerment	Water Harvesting System	\N	0000000000000000
1006	Jan Shakti Mission 3	jan.shakti.mission.3@yahoo.com	97, Koramangala, 2nd Main, Bengaluru	Ramesh Nair	+91-8709802113	Child Education	Clean Water Initiative	Food Security Program	\N	0000000000000000
1007	Jan Shakti Mission 4	jan.shakti.mission.4@yahoo.com	71, Whitefield, 4th Block, Bengaluru	Manisha Iyer	+91-8585342675	Environmental Conservation	Sanitation and Hygiene Project	Renewable Energy Project	\N	0000000000000000
1009	ElderCare Trust 6	eldercare.trust.6@gmail.com	25, Whitefield, 4th Block, Bengaluru	Divya Menon	+91-7553011025	Social Justice	Clean Water Initiative	Not Applicable	\N	0000000000000000
1011	Care & Cure Foundation 8	care.&.cure.foundation.8@gmail.com	10, Brigade Road, 4th Block, Bengaluru	Sneha Roy	+91-8925814297	Skill Development	Child Welfare Program	Water Harvesting System	\N	0000000000000000
1012	Save the Strays 9	save.the.strays.9@gmail.com	59, Brigade Road, 2nd Main, Bengaluru	Sneha Roy	+91-8217874899	Healthcare Services	Food Security Program	Educational Outreach Program	\N	0000000000000000
1013	Sahara Trust 10	sahara.trust.10@ngoblr.org	25, MG Road, 2nd Main, Bengaluru	Anita Verma	+91-9335529117	Animal Welfare	Tree Plantation Campaign	Disaster Relief Operations	\N	0000000000000000
1014	Mission Humanity 11	mission.humanity.11@gmail.com	56, MG Road, Tech Park, Bengaluru	Divya Menon	+91-8473623013	Animal Welfare	Women Empowerment Project	Not Applicable	\N	0000000000000000
1015	Dream Builders 12	dream.builders.12@outlook.com	87, Brigade Road, Tech Park, Bengaluru	Deepak Sinha	+91-7645653325	Child Education	Clean Water Initiative	Water Harvesting System	\N	0000000000000000
1016	Save the Strays 13	save.the.strays.13@yahoo.com	8, Koramangala, 1st Cross, Bengaluru	Divya Menon	+91-8385548869	Environmental Conservation	Health Awareness Drive	Construction of Community Center	\N	0000000000000000
1017	Aarogya India 14	aarogya.india.14@ngoblr.org	51, Indiranagar, Tech Park, Bengaluru	Arun Pillai	+91-9858512377	Disaster Relief	Women Empowerment Project	Skill Development Program	\N	0000000000000000
1018	Sparsh Foundation 15	sparsh.foundation.15@yahoo.com	55, Brigade Road, Tech Park, Bengaluru	Rajesh Sharma	+91-8587642210	Skill Development	Tree Plantation Campaign	Disaster Relief Operations	\N	0000000000000000
1019	Aarogya India 16	aarogya.india.16@outlook.com	5, MG Road, Tech Park, Bengaluru	Anjali Dubey	+91-7324506403	Skill Development	Clean Water Initiative	Renewable Energy Project	\N	0000000000000000
1020	Hope for All 17	hope.for.all.17@gmail.com	60, Brigade Road, Sector 5, Bengaluru	Anjali Dubey	+91-8417851772	Social Justice	Health Awareness Drive	Women Empowerment Workshops	\N	0000000000000000
1021	Empower India Initiative 18	empower.india.initiative.18@yahoo.com	21, Brigade Road, Sector 5, Bengaluru	Manisha Iyer	+91-7919080728	Environmental Conservation	Health Awareness Drive	Not Applicable	\N	0000000000000000
1022	Parivartan NGO 19	parivartan.ngo.19@outlook.com	48, MG Road, 4th Block, Bengaluru	Meera Krishnan	+91-8463096713	Healthcare Services	Tree Plantation Campaign	Health Screening Initiative	\N	0000000000000000
1024	Green Earth Society 21	green.earth.society.21@outlook.com	91, Koramangala, Tech Park, Bengaluru	Amit Joshi	+91-8236696145	Women Empowerment	Food Security Program	Educational Outreach Program	\N	0000000000000000
1025	Empower India Initiative 22	empower.india.initiative.22@ngoblr.org	91, Brigade Road, Sector 5, Bengaluru	Manisha Iyer	+91-8619388922	Women Empowerment	Education for All	Women Empowerment Workshops	\N	0000000000000000
1026	Sahara Trust 23	sahara.trust.23@outlook.com	94, Whitefield, 1st Cross, Bengaluru	Vikram Singh	+91-7800082898	Disaster Relief	Disaster Relief Fund	Women Empowerment Workshops	\N	0000000000000000
1027	Bright Futures Trust 24	bright.futures.trust.24@gmail.com	56, Koramangala, Tech Park, Bengaluru	Manisha Iyer	+91-8748056891	Healthcare Services	Education for All	Construction of Community Center	\N	0000000000000000
1028	Hope for All 25	hope.for.all.25@gmail.com	55, Koramangala, 2nd Main, Bengaluru	Manisha Iyer	+91-8074855637	Skill Development	Clean Water Initiative	Not Applicable	\N	0000000000000000
1029	Bright Futures Trust 26	bright.futures.trust.26@yahoo.com	25, Koramangala, 1st Cross, Bengaluru	Meera Krishnan	+91-9302307582	Disaster Relief	Disaster Relief Fund	Educational Outreach Program	\N	0000000000000000
1030	Smile Foundation 27	smile.foundation.27@outlook.com	1, MG Road, 2nd Main, Bengaluru	Sunil Rao	+91-7969908820	Elderly Care	Health Awareness Drive	Disaster Relief Operations	\N	0000000000000000
1031	Aarogya India 28	aarogya.india.28@gmail.com	18, Koramangala, Sector 5, Bengaluru	Pooja Arora	+91-8181874922	Healthcare Services	Education for All	Tree Plantation and Green Cover Expansion	\N	0000000000000000
1032	Sahara Trust 29	sahara.trust.29@outlook.com	85, MG Road, 2nd Main, Bengaluru	Priya Shetty	+91-7858117999	Disaster Relief	Women Empowerment Project	Not Applicable	\N	0000000000000000
1033	ElderCare Trust 30	eldercare.trust.30@ngoblr.org	29, Indiranagar, 1st Cross, Bengaluru	Amit Joshi	+91-8899250704	Skill Development	Health Awareness Drive	Tree Plantation and Green Cover Expansion	\N	0000000000000000
1034	Helping Hands Foundation 31	helping.hands.foundation.31@yahoo.com	13, Indiranagar, Tech Park, Bengaluru	Sunil Rao	+91-7380522928	Environmental Conservation	Animal Rescue and Welfare	Renewable Energy Project	\N	0000000000000000
1035	Mission Humanity 32	mission.humanity.32@ngoblr.org	53, Indiranagar, 1st Cross, Bengaluru	Deepak Sinha	+91-7072638981	Healthcare Services	Health Awareness Drive	Disaster Relief Operations	\N	0000000000000000
1036	Care & Cure Foundation 33	care.&.cure.foundation.33@ngoblr.org	90, Brigade Road, 2nd Main, Bengaluru	Sunil Rao	+91-9379714498	Healthcare Services	Education for All	Tree Plantation and Green Cover Expansion	\N	0000000000000000
1037	Helping Hands Foundation 34	helping.hands.foundation.34@gmail.com	28, Brigade Road, 4th Block, Bengaluru	Anita Verma	+91-9844122813	Animal Welfare	Child Welfare Program	Disaster Relief Operations	\N	0000000000000000
1038	Tree Huggers Club 35	tree.huggers.club.35@yahoo.com	85, Koramangala, Tech Park, Bengaluru	Sunil Rao	+91-8389067449	Women Empowerment	Sanitation and Hygiene Project	Food Security Program	\N	0000000000000000
1039	Care & Cure Foundation 36	care.&.cure.foundation.36@outlook.com	77, Brigade Road, Sector 5, Bengaluru	Sunil Rao	+91-7290207451	Elderly Care	Health Awareness Drive	Food Security Program	\N	0000000000000000
1040	Green Earth Society 37	green.earth.society.37@yahoo.com	7, Brigade Road, 4th Block, Bengaluru	Kiran Kumar	+91-9417414388	Elderly Care	Sanitation and Hygiene Project	Renewable Energy Project	\N	0000000000000000
1008	ElderCare Trust 5	eldercare.trust.5@yahoo.com	92, MG Road, 2nd Main, Bengaluru	Pooja Arora	+91-8434093803	Social Justice	Child Welfare Program	Skill Development Program	\N	1111111111111111
1041	Shakti Foundation 38	shakti.foundation.38@ngoblr.org	46, Indiranagar, Tech Park, Bengaluru	Kiran Kumar	+91-7847720255	Child Education	Child Welfare Program	Women Empowerment Workshops	\N	0000000000000000
1042	Shakti Foundation 39	shakti.foundation.39@ngoblr.org	19, Indiranagar, Sector 5, Bengaluru	Vikram Singh	+91-8222500661	Skill Development	Food Security Program	Women Empowerment Workshops	\N	0000000000000000
1043	Save the Strays 40	save.the.strays.40@gmail.com	85, Koramangala, 1st Cross, Bengaluru	Sneha Roy	+91-7722435751	Elderly Care	Sanitation and Hygiene Project	Disaster Relief Operations	\N	0000000000000000
1044	Tree Huggers Club 41	tree.huggers.club.41@yahoo.com	59, Whitefield, Sector 5, Bengaluru	Amit Joshi	+91-7627853251	Child Education	Women Empowerment Project	Not Applicable	\N	0000000000000000
1045	Hope for All 42	hope.for.all.42@ngoblr.org	81, Brigade Road, 2nd Main, Bengaluru	Vikram Singh	+91-8679164756	Social Justice	Tree Plantation Campaign	Construction of Community Center	\N	0000000000000000
1046	Sparsh Foundation 43	sparsh.foundation.43@ngoblr.org	23, Brigade Road, Tech Park, Bengaluru	Vikram Singh	+91-7226493335	Social Justice	Clean Water Initiative	Skill Development Program	\N	0000000000000000
1047	Helping Hands Foundation 44	helping.hands.foundation.44@yahoo.com	92, Indiranagar, Tech Park, Bengaluru	Anjali Dubey	+91-9029365515	Disaster Relief	Disaster Relief Fund	Skill Development Program	\N	0000000000000000
1048	Shakti Foundation 45	shakti.foundation.45@outlook.com	59, Brigade Road, 1st Cross, Bengaluru	Priya Shetty	+91-8107378169	Women Empowerment	Child Welfare Program	Construction of Community Center	\N	0000000000000000
1049	Aarogya India 46	aarogya.india.46@gmail.com	63, Whitefield, 2nd Main, Bengaluru	Deepak Sinha	+91-8639776339	Child Education	Animal Rescue and Welfare	Health Screening Initiative	\N	0000000000000000
1050	Smile Foundation 47	smile.foundation.47@gmail.com	54, MG Road, 1st Cross, Bengaluru	Sunil Rao	+91-7739959155	Disaster Relief	Community Empowerment	Tree Plantation and Green Cover Expansion	\N	0000000000000000
1051	Helping Hands Foundation 48	helping.hands.foundation.48@yahoo.com	46, Whitefield, Sector 5, Bengaluru	Sunil Rao	+91-9011308266	Social Justice	Child Welfare Program	Educational Outreach Program	\N	0000000000000000
1052	Parivartan NGO 49	parivartan.ngo.49@outlook.com	39, Indiranagar, Sector 5, Bengaluru	Sameer Shah	+91-8957372827	Child Education	Health Awareness Drive	Not Applicable	\N	0000000000000000
1053	Save the Strays 50	save.the.strays.50@yahoo.com	63, Brigade Road, Tech Park, Bengaluru	Ramesh Nair	+91-8996134519	Social Justice	Child Welfare Program	Disaster Relief Operations	\N	0000000000000000
1054	Dream Builders 51	dream.builders.51@gmail.com	75, Indiranagar, 2nd Main, Bengaluru	Arun Pillai	+91-7902895662	Child Education	Sanitation and Hygiene Project	Tree Plantation and Green Cover Expansion	\N	0000000000000000
1055	Aarogya India 52	aarogya.india.52@yahoo.com	39, MG Road, 2nd Main, Bengaluru	Anita Verma	+91-7594944404	Animal Welfare	Disaster Relief Fund	Women Empowerment Workshops	\N	0000000000000000
1056	Shakti Foundation 53	shakti.foundation.53@ngoblr.org	27, Brigade Road, Tech Park, Bengaluru	Shweta Rao	+91-9277939433	Social Justice	Community Empowerment	Renewable Energy Project	\N	0000000000000000
1057	Hope for All 54	hope.for.all.54@yahoo.com	18, Whitefield, Tech Park, Bengaluru	Anita Verma	+91-9293595824	Disaster Relief	Clean Water Initiative	Construction of Community Center	\N	0000000000000000
1058	Parivartan NGO 55	parivartan.ngo.55@yahoo.com	44, Indiranagar, Tech Park, Bengaluru	Neha Gupta	+91-8528265416	Elderly Care	Education for All	Food Security Program	\N	0000000000000000
1059	Save the Strays 56	save.the.strays.56@outlook.com	32, Indiranagar, 1st Cross, Bengaluru	Sneha Roy	+91-7454783292	Child Education	Animal Rescue and Welfare	Not Applicable	\N	0000000000000000
1060	Sahara Trust 57	sahara.trust.57@outlook.com	69, Brigade Road, 4th Block, Bengaluru	Priya Shetty	+91-9819071918	Social Justice	Sanitation and Hygiene Project	Tree Plantation and Green Cover Expansion	\N	0000000000000000
1061	Helping Hands Foundation 58	helping.hands.foundation.58@gmail.com	73, Brigade Road, 1st Cross, Bengaluru	Amit Joshi	+91-7151844765	Skill Development	Education for All	Food Security Program	\N	0000000000000000
1062	Sahara Trust 59	sahara.trust.59@yahoo.com	19, Whitefield, 1st Cross, Bengaluru	Divya Menon	+91-9575520930	Animal Welfare	Waste Management Program	Renewable Energy Project	\N	0000000000000000
1063	Empower India Initiative 60	empower.india.initiative.60@ngoblr.org	62, MG Road, 1st Cross, Bengaluru	Sunil Rao	+91-9446419357	Hunger Eradication	Tree Plantation Campaign	Not Applicable	\N	0000000000000000
1064	Care & Cure Foundation 61	care.&.cure.foundation.61@gmail.com	29, Koramangala, 2nd Main, Bengaluru	Arun Pillai	+91-9077768247	Women Empowerment	Women Empowerment Project	Renewable Energy Project	\N	0000000000000000
1065	ElderCare Trust 62	eldercare.trust.62@outlook.com	75, Koramangala, 1st Cross, Bengaluru	Rahul Jain	+91-9047540202	Skill Development	Food Security Program	Skill Development Program	\N	0000000000000000
1066	Green Earth Society 63	green.earth.society.63@gmail.com	61, Indiranagar, Sector 5, Bengaluru	Sameer Shah	+91-9841000562	Elderly Care	Clean Water Initiative	Not Applicable	\N	0000000000000000
1067	Shakti Foundation 64	shakti.foundation.64@yahoo.com	33, Indiranagar, Tech Park, Bengaluru	Rajesh Sharma	+91-9352444437	Disaster Relief	Women Empowerment Project	Food Security Program	\N	0000000000000000
1068	Vidya Daan 65	vidya.daan.65@gmail.com	19, MG Road, 2nd Main, Bengaluru	Ramesh Nair	+91-8699091672	Skill Development	Clean Water Initiative	Tree Plantation and Green Cover Expansion	\N	0000000000000000
1069	Parivartan NGO 66	parivartan.ngo.66@yahoo.com	13, Koramangala, 4th Block, Bengaluru	Anita Verma	+91-7555846358	Women Empowerment	Health Awareness Drive	Women Empowerment Workshops	\N	0000000000000000
1070	Empower India Initiative 67	empower.india.initiative.67@outlook.com	9, Koramangala, 1st Cross, Bengaluru	Sunil Rao	+91-8517921887	Environmental Conservation	Disaster Relief Fund	Women Empowerment Workshops	\N	0000000000000000
1071	Smile Foundation 68	smile.foundation.68@yahoo.com	37, MG Road, Sector 5, Bengaluru	Shweta Rao	+91-7419312651	Women Empowerment	Animal Rescue and Welfare	Construction of Community Center	\N	0000000000000000
1072	Empower India Initiative 69	empower.india.initiative.69@outlook.com	92, Whitefield, Tech Park, Bengaluru	Sneha Roy	+91-7704248314	Hunger Eradication	Child Welfare Program	Women Empowerment Workshops	\N	0000000000000000
1073	Sparsh Foundation 70	sparsh.foundation.70@gmail.com	36, Whitefield, Tech Park, Bengaluru	Anjali Dubey	+91-8379234922	Hunger Eradication	Food Security Program	Construction of Community Center	\N	0000000000000000
1074	Smile Foundation 71	smile.foundation.71@yahoo.com	81, Whitefield, Tech Park, Bengaluru	Sneha Roy	+91-8107823354	Environmental Conservation	Community Empowerment	Women Empowerment Workshops	\N	0000000000000000
1075	Sparsh Foundation 72	sparsh.foundation.72@gmail.com	75, MG Road, 2nd Main, Bengaluru	Rajesh Sharma	+91-8009085420	Disaster Relief	Women Empowerment Project	Disaster Relief Operations	\N	0000000000000000
1076	Empower India Initiative 73	empower.india.initiative.73@yahoo.com	100, Koramangala, 1st Cross, Bengaluru	Rahul Jain	+91-8173320841	Social Justice	Community Empowerment	Renewable Energy Project	\N	0000000000000000
1077	Smile Foundation 74	smile.foundation.74@yahoo.com	64, Koramangala, 2nd Main, Bengaluru	Sneha Roy	+91-7095890102	Disaster Relief	Waste Management Program	Disaster Relief Operations	\N	0000000000000000
1078	Bright Futures Trust 75	bright.futures.trust.75@ngoblr.org	87, Brigade Road, 4th Block, Bengaluru	Anjali Dubey	+91-9650993176	Disaster Relief	Animal Rescue and Welfare	Tree Plantation and Green Cover Expansion	\N	0000000000000000
1079	Sparsh Foundation 76	sparsh.foundation.76@ngoblr.org	39, Indiranagar, 4th Block, Bengaluru	Shweta Rao	+91-9924128612	Animal Welfare	Child Welfare Program	Renewable Energy Project	\N	0000000000000000
1080	Vidya Daan 77	vidya.daan.77@outlook.com	89, Indiranagar, 2nd Main, Bengaluru	Meera Krishnan	+91-8880088203	Healthcare Services	Community Empowerment	Disaster Relief Operations	\N	0000000000000000
1081	Helping Hands Foundation 78	helping.hands.foundation.78@outlook.com	98, MG Road, 4th Block, Bengaluru	Kiran Kumar	+91-7144781460	Elderly Care	Health Awareness Drive	Not Applicable	\N	0000000000000000
1082	ElderCare Trust 79	eldercare.trust.79@gmail.com	55, Brigade Road, Tech Park, Bengaluru	Rahul Jain	+91-8444575795	Healthcare Services	Health Awareness Drive	Women Empowerment Workshops	\N	0000000000000000
1083	Sparsh Foundation 80	sparsh.foundation.80@yahoo.com	54, Indiranagar, Tech Park, Bengaluru	Sameer Shah	+91-9920563969	Skill Development	Health Awareness Drive	Food Security Program	\N	0000000000000000
1084	Aarogya India 81	aarogya.india.81@ngoblr.org	47, Whitefield, 2nd Main, Bengaluru	Anita Verma	+91-9112001171	Child Education	Education for All	Women Empowerment Workshops	\N	0000000000000000
1085	Parivartan NGO 82	parivartan.ngo.82@ngoblr.org	37, Indiranagar, Sector 5, Bengaluru	Rahul Jain	+91-7795805057	Environmental Conservation	Community Empowerment	Educational Outreach Program	\N	0000000000000000
1086	Mission Humanity 83	mission.humanity.83@ngoblr.org	98, MG Road, 1st Cross, Bengaluru	Ramesh Nair	+91-8163192280	Elderly Care	Disaster Relief Fund	Skill Development Program	\N	0000000000000000
1087	Green Earth Society 84	green.earth.society.84@ngoblr.org	44, MG Road, 4th Block, Bengaluru	Rahul Jain	+91-8852168990	Child Education	Clean Water Initiative	Renewable Energy Project	\N	0000000000000000
1088	Helping Hands Foundation 85	helping.hands.foundation.85@gmail.com	10, Koramangala, Tech Park, Bengaluru	Ramesh Nair	+91-7602097950	Social Justice	Disaster Relief Fund	Tree Plantation and Green Cover Expansion	\N	0000000000000000
1089	Parivartan NGO 86	parivartan.ngo.86@yahoo.com	59, Koramangala, 4th Block, Bengaluru	Manisha Iyer	+91-9089402986	Elderly Care	Animal Rescue and Welfare	Educational Outreach Program	\N	0000000000000000
1090	Vidya Daan 87	vidya.daan.87@outlook.com	54, Brigade Road, Sector 5, Bengaluru	Sneha Roy	+91-8921293036	Environmental Conservation	Women Empowerment Project	Skill Development Program	\N	0000000000000000
1091	Sahara Trust 88	sahara.trust.88@ngoblr.org	50, Whitefield, 1st Cross, Bengaluru	Rajesh Sharma	+91-8126696296	Animal Welfare	Tree Plantation Campaign	Skill Development Program	\N	0000000000000000
1092	Annapurna Seva 89	annapurna.seva.89@yahoo.com	60, MG Road, 2nd Main, Bengaluru	Rajesh Sharma	+91-8142859853	Disaster Relief	Women Empowerment Project	Women Empowerment Workshops	\N	0000000000000000
1093	Save the Strays 90	save.the.strays.90@ngoblr.org	34, Indiranagar, 4th Block, Bengaluru	Rajesh Sharma	+91-7027093738	Animal Welfare	Tree Plantation Campaign	Renewable Energy Project	\N	0000000000000000
1094	Sahara Trust 91	sahara.trust.91@ngoblr.org	54, Koramangala, Sector 5, Bengaluru	Sameer Shah	+91-7997775194	Healthcare Services	Sanitation and Hygiene Project	Not Applicable	\N	0000000000000000
1095	Care & Cure Foundation 92	care.&.cure.foundation.92@outlook.com	100, Indiranagar, 2nd Main, Bengaluru	Manisha Iyer	+91-9636247317	Disaster Relief	Community Empowerment	Women Empowerment Workshops	\N	0000000000000000
1096	Save the Strays 93	save.the.strays.93@gmail.com	82, Brigade Road, 1st Cross, Bengaluru	Sunil Rao	+91-9944969294	Healthcare Services	Tree Plantation Campaign	Water Harvesting System	\N	0000000000000000
1097	Parivartan NGO 94	parivartan.ngo.94@gmail.com	35, Koramangala, 2nd Main, Bengaluru	Manisha Iyer	+91-9037211493	Women Empowerment	Animal Rescue and Welfare	Food Security Program	\N	0000000000000000
1098	Annapurna Seva 95	annapurna.seva.95@ngoblr.org	82, Koramangala, Tech Park, Bengaluru	Vikram Singh	+91-9864884998	Elderly Care	Women Empowerment Project	Disaster Relief Operations	\N	0000000000000000
1099	Dream Builders 96	dream.builders.96@gmail.com	74, Brigade Road, 1st Cross, Bengaluru	Rajesh Sharma	+91-7711566176	Animal Welfare	Tree Plantation Campaign	Health Screening Initiative	\N	0000000000000000
1100	Green Earth Society 97	green.earth.society.97@yahoo.com	90, Whitefield, 1st Cross, Bengaluru	Vikram Singh	+91-7745641279	Healthcare Services	Disaster Relief Fund	Not Applicable	\N	0000000000000000
1101	Sahara Trust 98	sahara.trust.98@gmail.com	62, Brigade Road, 2nd Main, Bengaluru	Pooja Arora	+91-8975189730	Social Justice	Sanitation and Hygiene Project	Skill Development Program	\N	0000000000000000
1102	Tree Huggers Club 99	tree.huggers.club.99@ngoblr.org	49, Brigade Road, 4th Block, Bengaluru	Priya Shetty	+91-9623358322	Environmental Conservation	Community Empowerment	Women Empowerment Workshops	\N	0000000000000000
1103	Dream Builders 100	dream.builders.100@yahoo.com	4, MG Road, 4th Block, Bengaluru	Manisha Iyer	+91-8855614304	Environmental Conservation	Waste Management Program	Disaster Relief Operations	\N	0000000000000000
1104	Care & Cure Foundation 101	care.&.cure.foundation.101@gmail.com	81, Brigade Road, 1st Cross, Bengaluru	Anjali Dubey	+91-9371722599	Healthcare Services	Education for All	Disaster Relief Operations	\N	0000000000000000
1105	Hope for All 102	hope.for.all.102@ngoblr.org	86, Koramangala, Sector 5, Bengaluru	Rahul Jain	+91-8111902836	Hunger Eradication	Community Empowerment	Not Applicable	\N	0000000000000000
1106	Empower India Initiative 103	empower.india.initiative.103@outlook.com	61, Indiranagar, Sector 5, Bengaluru	Deepak Sinha	+91-7146882234	Healthcare Services	Child Welfare Program	Skill Development Program	\N	0000000000000000
1107	Hope for All 104	hope.for.all.104@outlook.com	91, Koramangala, Sector 5, Bengaluru	Amit Joshi	+91-7814911510	Women Empowerment	Waste Management Program	Food Security Program	\N	0000000000000000
1108	Vidya Daan 105	vidya.daan.105@yahoo.com	9, MG Road, 2nd Main, Bengaluru	Priya Shetty	+91-8059290031	Child Education	Waste Management Program	Renewable Energy Project	\N	0000000000000000
1109	Helping Hands Foundation 106	helping.hands.foundation.106@gmail.com	66, Indiranagar, 4th Block, Bengaluru	Shweta Rao	+91-7256678783	Disaster Relief	Clean Water Initiative	Disaster Relief Operations	\N	0000000000000000
1110	Mission Humanity 107	mission.humanity.107@ngoblr.org	12, Indiranagar, Sector 5, Bengaluru	Divya Menon	+91-8367372386	Child Education	Sanitation and Hygiene Project	Water Harvesting System	\N	0000000000000000
1111	Sahara Trust 108	sahara.trust.108@ngoblr.org	47, Koramangala, Sector 5, Bengaluru	Divya Menon	+91-7357291300	Elderly Care	Disaster Relief Fund	Construction of Community Center	\N	0000000000000000
1112	Green Earth Society 109	green.earth.society.109@gmail.com	24, MG Road, 1st Cross, Bengaluru	Divya Menon	+91-7134486769	Elderly Care	Clean Water Initiative	Water Harvesting System	\N	0000000000000000
1113	Mission Humanity 110	mission.humanity.110@gmail.com	94, Koramangala, 4th Block, Bengaluru	Deepak Sinha	+91-7116051491	Animal Welfare	Animal Rescue and Welfare	Health Screening Initiative	\N	0000000000000000
1114	Annapurna Seva 111	annapurna.seva.111@ngoblr.org	99, MG Road, 1st Cross, Bengaluru	Priya Shetty	+91-8501570012	Healthcare Services	Child Welfare Program	Not Applicable	\N	0000000000000000
1115	Shakti Foundation 112	shakti.foundation.112@gmail.com	77, Indiranagar, 2nd Main, Bengaluru	Anita Verma	+91-8511340826	Healthcare Services	Clean Water Initiative	Food Security Program	\N	0000000000000000
1116	Empower India Initiative 113	empower.india.initiative.113@gmail.com	33, Whitefield, Tech Park, Bengaluru	Neha Gupta	+91-7764818124	Child Education	Tree Plantation Campaign	Women Empowerment Workshops	\N	0000000000000000
1117	Shakti Foundation 114	shakti.foundation.114@gmail.com	86, MG Road, Sector 5, Bengaluru	Rajesh Sharma	+91-7235812380	Elderly Care	Disaster Relief Fund	Not Applicable	\N	0000000000000000
1118	Annapurna Seva 115	annapurna.seva.115@yahoo.com	44, Whitefield, 2nd Main, Bengaluru	Sneha Roy	+91-9503626672	Women Empowerment	Sanitation and Hygiene Project	Food Security Program	\N	0000000000000000
1119	Empower India Initiative 116	empower.india.initiative.116@ngoblr.org	2, Whitefield, Sector 5, Bengaluru	Rajesh Sharma	+91-7172286590	Healthcare Services	Food Security Program	Disaster Relief Operations	\N	0000000000000000
1120	Hope for All 117	hope.for.all.117@outlook.com	6, MG Road, 4th Block, Bengaluru	Deepak Sinha	+91-9339241666	Social Justice	Food Security Program	Skill Development Program	\N	0000000000000000
1121	Sahara Trust 118	sahara.trust.118@ngoblr.org	66, Indiranagar, Tech Park, Bengaluru	Sameer Shah	+91-9278629485	Healthcare Services	Women Empowerment Project	Skill Development Program	\N	0000000000000000
1122	Parivartan NGO 119	parivartan.ngo.119@ngoblr.org	56, Whitefield, 1st Cross, Bengaluru	Amit Joshi	+91-9104246122	Hunger Eradication	Tree Plantation Campaign	Construction of Community Center	\N	0000000000000000
1123	Annapurna Seva 120	annapurna.seva.120@ngoblr.org	6, Whitefield, Sector 5, Bengaluru	Neha Gupta	+91-7157786600	Disaster Relief	Community Empowerment	Women Empowerment Workshops	\N	0000000000000000
1124	Hope for All 121	hope.for.all.121@ngoblr.org	76, Indiranagar, 4th Block, Bengaluru	Manisha Iyer	+91-8401249650	Social Justice	Food Security Program	Not Applicable	\N	0000000000000000
1125	Shakti Foundation 122	shakti.foundation.122@outlook.com	19, Brigade Road, Sector 5, Bengaluru	Rajesh Sharma	+91-8886423252	Environmental Conservation	Clean Water Initiative	Educational Outreach Program	\N	0000000000000000
1126	Green Earth Society 123	green.earth.society.123@ngoblr.org	16, Brigade Road, Tech Park, Bengaluru	Sameer Shah	+91-7524616339	Skill Development	Women Empowerment Project	Food Security Program	\N	0000000000000000
1127	Helping Hands Foundation 124	helping.hands.foundation.124@outlook.com	21, Indiranagar, 1st Cross, Bengaluru	Shweta Rao	+91-8776274173	Hunger Eradication	Health Awareness Drive	Educational Outreach Program	\N	0000000000000000
1128	Save the Strays 125	save.the.strays.125@yahoo.com	75, Koramangala, 2nd Main, Bengaluru	Neha Gupta	+91-8097738366	Women Empowerment	Tree Plantation Campaign	Food Security Program	\N	0000000000000000
1129	Mission Humanity 126	mission.humanity.126@yahoo.com	58, Whitefield, 2nd Main, Bengaluru	Neha Gupta	+91-7994182887	Healthcare Services	Women Empowerment Project	Health Screening Initiative	\N	0000000000000000
1130	Bright Futures Trust 127	bright.futures.trust.127@yahoo.com	60, Brigade Road, 2nd Main, Bengaluru	Meera Krishnan	+91-8044843533	Disaster Relief	Child Welfare Program	Skill Development Program	\N	0000000000000000
1131	Save the Strays 128	save.the.strays.128@yahoo.com	5, Koramangala, Sector 5, Bengaluru	Ramesh Nair	+91-9635671731	Skill Development	Tree Plantation Campaign	Women Empowerment Workshops	\N	0000000000000000
1132	Dream Builders 129	dream.builders.129@outlook.com	55, Brigade Road, Sector 5, Bengaluru	Anita Verma	+91-9181534441	Animal Welfare	Disaster Relief Fund	Water Harvesting System	\N	0000000000000000
1133	Annapurna Seva 130	annapurna.seva.130@yahoo.com	42, Brigade Road, 4th Block, Bengaluru	Rajesh Sharma	+91-9085957580	Environmental Conservation	Child Welfare Program	Food Security Program	\N	0000000000000000
1134	Smile Foundation 131	smile.foundation.131@ngoblr.org	60, Indiranagar, 2nd Main, Bengaluru	Vikram Singh	+91-9362169802	Animal Welfare	Sanitation and Hygiene Project	Educational Outreach Program	\N	0000000000000000
1135	Aarogya India 132	aarogya.india.132@ngoblr.org	88, Koramangala, 1st Cross, Bengaluru	Sunil Rao	+91-8471572351	Animal Welfare	Disaster Relief Fund	Water Harvesting System	\N	0000000000000000
1136	Dream Builders 133	dream.builders.133@yahoo.com	50, Indiranagar, 4th Block, Bengaluru	Sneha Roy	+91-7385589819	Women Empowerment	Community Empowerment	Tree Plantation and Green Cover Expansion	\N	0000000000000000
1137	Dream Builders 134	dream.builders.134@ngoblr.org	2, Whitefield, Tech Park, Bengaluru	Meera Krishnan	+91-7190958981	Skill Development	Community Empowerment	Construction of Community Center	\N	0000000000000000
1138	Shakti Foundation 135	shakti.foundation.135@ngoblr.org	73, Whitefield, 1st Cross, Bengaluru	Sunil Rao	+91-9537732120	Social Justice	Child Welfare Program	Disaster Relief Operations	\N	0000000000000000
1139	Hope for All 136	hope.for.all.136@yahoo.com	87, MG Road, Tech Park, Bengaluru	Kiran Kumar	+91-7652868788	Animal Welfare	Education for All	Renewable Energy Project	\N	0000000000000000
1140	Sahara Trust 137	sahara.trust.137@gmail.com	6, Indiranagar, Sector 5, Bengaluru	Neha Gupta	+91-9487287729	Hunger Eradication	Tree Plantation Campaign	Educational Outreach Program	\N	0000000000000000
1141	Sahara Trust 138	sahara.trust.138@ngoblr.org	13, Brigade Road, Sector 5, Bengaluru	Pooja Arora	+91-8359269912	Healthcare Services	Animal Rescue and Welfare	Skill Development Program	\N	0000000000000000
1142	ElderCare Trust 139	eldercare.trust.139@yahoo.com	28, Whitefield, 1st Cross, Bengaluru	Anita Verma	+91-7170516857	Disaster Relief	Disaster Relief Fund	Disaster Relief Operations	\N	0000000000000000
1143	Empower India Initiative 140	empower.india.initiative.140@yahoo.com	6, Brigade Road, 1st Cross, Bengaluru	Priya Shetty	+91-8543517127	Environmental Conservation	Food Security Program	Women Empowerment Workshops	\N	0000000000000000
1144	Parivartan NGO 141	parivartan.ngo.141@outlook.com	75, MG Road, 2nd Main, Bengaluru	Ramesh Nair	+91-7610202186	Social Justice	Food Security Program	Tree Plantation and Green Cover Expansion	\N	0000000000000000
1145	Sahara Trust 142	sahara.trust.142@ngoblr.org	94, Koramangala, Sector 5, Bengaluru	Divya Menon	+91-9106336228	Child Education	Disaster Relief Fund	Health Screening Initiative	\N	0000000000000000
1146	Sparsh Foundation 143	sparsh.foundation.143@yahoo.com	72, Indiranagar, 2nd Main, Bengaluru	Sunil Rao	+91-7577803217	Disaster Relief	Community Empowerment	Construction of Community Center	\N	0000000000000000
1147	Helping Hands Foundation 144	helping.hands.foundation.144@gmail.com	56, Whitefield, Tech Park, Bengaluru	Deepak Sinha	+91-7796716379	Hunger Eradication	Community Empowerment	Water Harvesting System	\N	0000000000000000
1148	Sparsh Foundation 145	sparsh.foundation.145@yahoo.com	69, Brigade Road, 1st Cross, Bengaluru	Shweta Rao	+91-8512603547	Elderly Care	Health Awareness Drive	Women Empowerment Workshops	\N	0000000000000000
1149	Bright Futures Trust 146	bright.futures.trust.146@gmail.com	86, Indiranagar, Sector 5, Bengaluru	Sunil Rao	+91-7074091896	Skill Development	Education for All	Water Harvesting System	\N	0000000000000000
1150	Aarogya India 147	aarogya.india.147@ngoblr.org	7, Brigade Road, 2nd Main, Bengaluru	Pooja Arora	+91-9017846455	Animal Welfare	Women Empowerment Project	Water Harvesting System	\N	0000000000000000
1151	Smile Foundation 148	smile.foundation.148@gmail.com	50, MG Road, Tech Park, Bengaluru	Rajesh Sharma	+91-8502954435	Environmental Conservation	Disaster Relief Fund	Food Security Program	\N	0000000000000000
1152	ElderCare Trust 149	eldercare.trust.149@yahoo.com	6, Brigade Road, Sector 5, Bengaluru	Deepak Sinha	+91-9022673304	Environmental Conservation	Disaster Relief Fund	Educational Outreach Program	\N	0000000000000000
1153	Save the Strays 150	save.the.strays.150@ngoblr.org	48, Koramangala, 1st Cross, Bengaluru	Pooja Arora	+91-9727419202	Healthcare Services	Women Empowerment Project	Educational Outreach Program	\N	0000000000000000
1154	Jan Shakti Mission 151	jan.shakti.mission.151@ngoblr.org	64, Indiranagar, 2nd Main, Bengaluru	Priya Shetty	+91-9988128879	Hunger Eradication	Women Empowerment Project	Skill Development Program	\N	0000000000000000
1155	Save the Strays 152	save.the.strays.152@yahoo.com	39, Brigade Road, Sector 5, Bengaluru	Sneha Roy	+91-9168405937	Social Justice	Sanitation and Hygiene Project	Not Applicable	\N	0000000000000000
1156	ElderCare Trust 153	eldercare.trust.153@gmail.com	58, Indiranagar, 1st Cross, Bengaluru	Pooja Arora	+91-9858993396	Hunger Eradication	Community Empowerment	Water Harvesting System	\N	0000000000000000
1157	Aarogya India 154	aarogya.india.154@gmail.com	9, Whitefield, 2nd Main, Bengaluru	Kiran Kumar	+91-7335035656	Animal Welfare	Tree Plantation Campaign	Skill Development Program	\N	0000000000000000
1158	Sahara Trust 155	sahara.trust.155@yahoo.com	94, Whitefield, 2nd Main, Bengaluru	Sneha Roy	+91-7149801807	Healthcare Services	Education for All	Women Empowerment Workshops	\N	0000000000000000
1159	Smile Foundation 156	smile.foundation.156@ngoblr.org	54, Indiranagar, Sector 5, Bengaluru	Divya Menon	+91-8146324604	Women Empowerment	Waste Management Program	Renewable Energy Project	\N	0000000000000000
1160	Dream Builders 157	dream.builders.157@ngoblr.org	37, Koramangala, 4th Block, Bengaluru	Priya Shetty	+91-8244615981	Animal Welfare	Health Awareness Drive	Skill Development Program	\N	0000000000000000
1161	Jan Shakti Mission 158	jan.shakti.mission.158@gmail.com	84, Koramangala, 4th Block, Bengaluru	Divya Menon	+91-9445166069	Social Justice	Food Security Program	Educational Outreach Program	\N	0000000000000000
1162	Sparsh Foundation 159	sparsh.foundation.159@outlook.com	21, Indiranagar, 4th Block, Bengaluru	Vikram Singh	+91-9673329063	Disaster Relief	Animal Rescue and Welfare	Renewable Energy Project	\N	0000000000000000
1163	Annapurna Seva 160	annapurna.seva.160@yahoo.com	65, Whitefield, 1st Cross, Bengaluru	Pooja Arora	+91-7382283958	Disaster Relief	Health Awareness Drive	Construction of Community Center	\N	0000000000000000
1164	Jan Shakti Mission 161	jan.shakti.mission.161@yahoo.com	65, MG Road, 4th Block, Bengaluru	Amit Joshi	+91-8498407292	Disaster Relief	Community Empowerment	Tree Plantation and Green Cover Expansion	\N	0000000000000000
1165	Sparsh Foundation 162	sparsh.foundation.162@gmail.com	69, Whitefield, 4th Block, Bengaluru	Rajesh Sharma	+91-9111420569	Elderly Care	Waste Management Program	Food Security Program	\N	0000000000000000
1166	Aarogya India 163	aarogya.india.163@gmail.com	10, Whitefield, 2nd Main, Bengaluru	Ramesh Nair	+91-7044991141	Child Education	Child Welfare Program	Women Empowerment Workshops	\N	0000000000000000
1167	Sparsh Foundation 164	sparsh.foundation.164@ngoblr.org	78, Brigade Road, Tech Park, Bengaluru	Deepak Sinha	+91-7713506361	Women Empowerment	Women Empowerment Project	Tree Plantation and Green Cover Expansion	\N	0000000000000000
1168	Dream Builders 165	dream.builders.165@ngoblr.org	72, Brigade Road, 2nd Main, Bengaluru	Sameer Shah	+91-7487063673	Disaster Relief	Tree Plantation Campaign	Skill Development Program	\N	0000000000000000
1169	Empower India Initiative 166	empower.india.initiative.166@ngoblr.org	57, Koramangala, 2nd Main, Bengaluru	Vikram Singh	+91-7518236409	Child Education	Animal Rescue and Welfare	Water Harvesting System	\N	0000000000000000
1170	Green Earth Society 167	green.earth.society.167@ngoblr.org	16, Koramangala, 1st Cross, Bengaluru	Rahul Jain	+91-9424009601	Animal Welfare	Clean Water Initiative	Educational Outreach Program	\N	0000000000000000
1171	Hope for All 168	hope.for.all.168@gmail.com	67, Whitefield, Sector 5, Bengaluru	Ramesh Nair	+91-9936786572	Healthcare Services	Tree Plantation Campaign	Health Screening Initiative	\N	0000000000000000
1172	Jan Shakti Mission 169	jan.shakti.mission.169@yahoo.com	50, Koramangala, 1st Cross, Bengaluru	Meera Krishnan	+91-9127898464	Healthcare Services	Education for All	Tree Plantation and Green Cover Expansion	\N	0000000000000000
1173	Dream Builders 170	dream.builders.170@outlook.com	52, MG Road, 2nd Main, Bengaluru	Rajesh Sharma	+91-9251895447	Social Justice	Waste Management Program	Not Applicable	\N	0000000000000000
1174	Aarogya India 171	aarogya.india.171@gmail.com	75, MG Road, Sector 5, Bengaluru	Divya Menon	+91-7804212075	Child Education	Disaster Relief Fund	Not Applicable	\N	0000000000000000
1175	Annapurna Seva 172	annapurna.seva.172@ngoblr.org	91, Whitefield, Sector 5, Bengaluru	Kiran Kumar	+91-9218137956	Healthcare Services	Community Empowerment	Skill Development Program	\N	0000000000000000
1176	Smile Foundation 173	smile.foundation.173@outlook.com	3, Indiranagar, 2nd Main, Bengaluru	Ramesh Nair	+91-9303777357	Elderly Care	Community Empowerment	Health Screening Initiative	\N	0000000000000000
1177	Shakti Foundation 174	shakti.foundation.174@yahoo.com	92, Koramangala, 2nd Main, Bengaluru	Ramesh Nair	+91-7585890735	Social Justice	Health Awareness Drive	Renewable Energy Project	\N	0000000000000000
1178	Mission Humanity 175	mission.humanity.175@ngoblr.org	42, MG Road, Tech Park, Bengaluru	Anjali Dubey	+91-7753025563	Social Justice	Women Empowerment Project	Renewable Energy Project	\N	0000000000000000
1179	Helping Hands Foundation 176	helping.hands.foundation.176@yahoo.com	15, MG Road, 1st Cross, Bengaluru	Shweta Rao	+91-9576238717	Women Empowerment	Disaster Relief Fund	Health Screening Initiative	\N	0000000000000000
1180	Mission Humanity 177	mission.humanity.177@outlook.com	73, Indiranagar, Sector 5, Bengaluru	Anita Verma	+91-8845683126	Disaster Relief	Community Empowerment	Renewable Energy Project	\N	0000000000000000
1181	Bright Futures Trust 178	bright.futures.trust.178@gmail.com	36, Koramangala, Sector 5, Bengaluru	Divya Menon	+91-8677520368	Healthcare Services	Health Awareness Drive	Skill Development Program	\N	0000000000000000
1182	Annapurna Seva 179	annapurna.seva.179@outlook.com	44, MG Road, 1st Cross, Bengaluru	Divya Menon	+91-9446195336	Social Justice	Child Welfare Program	Skill Development Program	\N	0000000000000000
1183	Tree Huggers Club 180	tree.huggers.club.180@ngoblr.org	27, MG Road, 4th Block, Bengaluru	Rahul Jain	+91-8239643366	Social Justice	Waste Management Program	Tree Plantation and Green Cover Expansion	\N	0000000000000000
1184	Mission Humanity 181	mission.humanity.181@yahoo.com	82, MG Road, Tech Park, Bengaluru	Arun Pillai	+91-7937362388	Child Education	Sanitation and Hygiene Project	Educational Outreach Program	\N	0000000000000000
1185	Bright Futures Trust 182	bright.futures.trust.182@yahoo.com	32, Koramangala, Sector 5, Bengaluru	Vikram Singh	+91-7916153315	Child Education	Education for All	Skill Development Program	\N	0000000000000000
1186	Care & Cure Foundation 183	care.&.cure.foundation.183@ngoblr.org	26, Brigade Road, 1st Cross, Bengaluru	Sameer Shah	+91-7860950276	Animal Welfare	Community Empowerment	Skill Development Program	\N	0000000000000000
1187	Aarogya India 184	aarogya.india.184@ngoblr.org	43, Indiranagar, Sector 5, Bengaluru	Ramesh Nair	+91-8353669864	Social Justice	Tree Plantation Campaign	Construction of Community Center	\N	0000000000000000
1188	Vidya Daan 185	vidya.daan.185@ngoblr.org	96, Brigade Road, 2nd Main, Bengaluru	Sunil Rao	+91-7111688976	Women Empowerment	Child Welfare Program	Disaster Relief Operations	\N	0000000000000000
1189	Sparsh Foundation 186	sparsh.foundation.186@yahoo.com	61, Indiranagar, 4th Block, Bengaluru	Anita Verma	+91-9176762851	Hunger Eradication	Clean Water Initiative	Women Empowerment Workshops	\N	0000000000000000
1190	Hope for All 187	hope.for.all.187@ngoblr.org	61, Indiranagar, 1st Cross, Bengaluru	Ramesh Nair	+91-9042892495	Skill Development	Food Security Program	Construction of Community Center	\N	0000000000000000
1191	Annapurna Seva 188	annapurna.seva.188@outlook.com	34, Indiranagar, Tech Park, Bengaluru	Ramesh Nair	+91-7498179512	Animal Welfare	Sanitation and Hygiene Project	Health Screening Initiative	\N	0000000000000000
1192	Empower India Initiative 189	empower.india.initiative.189@gmail.com	53, MG Road, 2nd Main, Bengaluru	Meera Krishnan	+91-9692170373	Women Empowerment	Women Empowerment Project	Construction of Community Center	\N	0000000000000000
1193	Sparsh Foundation 190	sparsh.foundation.190@outlook.com	61, Indiranagar, 2nd Main, Bengaluru	Ramesh Nair	+91-7866625167	Child Education	Clean Water Initiative	Disaster Relief Operations	\N	0000000000000000
1194	Hope for All 191	hope.for.all.191@gmail.com	60, MG Road, Sector 5, Bengaluru	Pooja Arora	+91-9443372989	Animal Welfare	Women Empowerment Project	Health Screening Initiative	\N	0000000000000000
1195	Jan Shakti Mission 192	jan.shakti.mission.192@outlook.com	18, MG Road, 1st Cross, Bengaluru	Sameer Shah	+91-9599600149	Hunger Eradication	Women Empowerment Project	Women Empowerment Workshops	\N	0000000000000000
1196	Tree Huggers Club 193	tree.huggers.club.193@ngoblr.org	83, Whitefield, 2nd Main, Bengaluru	Priya Shetty	+91-8819265164	Hunger Eradication	Disaster Relief Fund	Water Harvesting System	\N	0000000000000000
1197	Save the Strays 194	save.the.strays.194@ngoblr.org	25, Koramangala, Sector 5, Bengaluru	Sneha Roy	+91-8950819044	Animal Welfare	Women Empowerment Project	Disaster Relief Operations	\N	0000000000000000
1198	Sparsh Foundation 195	sparsh.foundation.195@gmail.com	66, Whitefield, 2nd Main, Bengaluru	Anita Verma	+91-8771239839	Skill Development	Disaster Relief Fund	Food Security Program	\N	0000000000000000
1199	Green Earth Society 196	green.earth.society.196@gmail.com	63, Whitefield, 2nd Main, Bengaluru	Rajesh Sharma	+91-8856728470	Disaster Relief	Waste Management Program	Not Applicable	\N	0000000000000000
1200	Dream Builders 197	dream.builders.197@outlook.com	62, Whitefield, Sector 5, Bengaluru	Sneha Roy	+91-7997893047	Disaster Relief	Waste Management Program	Health Screening Initiative	\N	0000000000000000
1201	Dream Builders 198	dream.builders.198@outlook.com	51, MG Road, 1st Cross, Bengaluru	Vikram Singh	+91-8015491339	Hunger Eradication	Health Awareness Drive	Water Harvesting System	\N	0000000000000000
1202	ElderCare Trust 199	eldercare.trust.199@outlook.com	85, MG Road, 4th Block, Bengaluru	Rajesh Sharma	+91-7396455911	Skill Development	Clean Water Initiative	Renewable Energy Project	\N	0000000000000000
1203	Sparsh Foundation 200	sparsh.foundation.200@ngoblr.org	45, MG Road, Sector 5, Bengaluru	Kiran Kumar	+91-8756594223	Child Education	Disaster Relief Fund	Food Security Program	\N	0000000000000000
1204	Hope for All 201	hope.for.all.201@yahoo.com	84, Koramangala, 1st Cross, Bengaluru	Shweta Rao	+91-8385604839	Skill Development	Tree Plantation Campaign	Skill Development Program	\N	0000000000000000
1205	Parivartan NGO 202	parivartan.ngo.202@outlook.com	31, Koramangala, 2nd Main, Bengaluru	Pooja Arora	+91-9578425386	Social Justice	Education for All	Health Screening Initiative	\N	0000000000000000
1206	Vidya Daan 203	vidya.daan.203@outlook.com	15, Indiranagar, Tech Park, Bengaluru	Priya Shetty	+91-9436247311	Hunger Eradication	Child Welfare Program	Educational Outreach Program	\N	0000000000000000
1207	Mission Humanity 204	mission.humanity.204@outlook.com	9, Koramangala, 2nd Main, Bengaluru	Anjali Dubey	+91-8220970339	Women Empowerment	Sanitation and Hygiene Project	Water Harvesting System	\N	0000000000000000
1208	Hope for All 205	hope.for.all.205@gmail.com	37, Whitefield, Sector 5, Bengaluru	Pooja Arora	+91-8465833049	Child Education	Tree Plantation Campaign	Health Screening Initiative	\N	0000000000000000
1209	Save the Strays 206	save.the.strays.206@outlook.com	26, Koramangala, 1st Cross, Bengaluru	Rahul Jain	+91-8115233691	Hunger Eradication	Tree Plantation Campaign	Construction of Community Center	\N	0000000000000000
1210	Care & Cure Foundation 207	care.&.cure.foundation.207@gmail.com	4, Whitefield, Tech Park, Bengaluru	Manisha Iyer	+91-7822687145	Hunger Eradication	Food Security Program	Tree Plantation and Green Cover Expansion	\N	0000000000000000
1211	Empower India Initiative 208	empower.india.initiative.208@outlook.com	91, MG Road, 4th Block, Bengaluru	Pooja Arora	+91-7486989353	Skill Development	Waste Management Program	Disaster Relief Operations	\N	0000000000000000
1212	Hope for All 209	hope.for.all.209@outlook.com	31, Brigade Road, 4th Block, Bengaluru	Neha Gupta	+91-7940604906	Women Empowerment	Education for All	Health Screening Initiative	\N	0000000000000000
1213	Mission Humanity 210	mission.humanity.210@ngoblr.org	10, Koramangala, 4th Block, Bengaluru	Rahul Jain	+91-9766673008	Skill Development	Animal Rescue and Welfare	Disaster Relief Operations	\N	0000000000000000
1214	Care & Cure Foundation 211	care.&.cure.foundation.211@yahoo.com	44, Whitefield, 4th Block, Bengaluru	Anita Verma	+91-7943100697	Healthcare Services	Tree Plantation Campaign	Women Empowerment Workshops	\N	0000000000000000
1215	Hope for All 212	hope.for.all.212@outlook.com	42, Indiranagar, 4th Block, Bengaluru	Pooja Arora	+91-8944831463	Skill Development	Waste Management Program	Disaster Relief Operations	\N	0000000000000000
1216	Parivartan NGO 213	parivartan.ngo.213@gmail.com	62, Indiranagar, 1st Cross, Bengaluru	Rajesh Sharma	+91-8408356739	Disaster Relief	Food Security Program	Health Screening Initiative	\N	0000000000000000
1217	Jan Shakti Mission 214	jan.shakti.mission.214@gmail.com	16, Indiranagar, 1st Cross, Bengaluru	Amit Joshi	+91-9121793242	Hunger Eradication	Disaster Relief Fund	Educational Outreach Program	\N	0000000000000000
1218	Sahara Trust 215	sahara.trust.215@ngoblr.org	11, Indiranagar, 1st Cross, Bengaluru	Amit Joshi	+91-8847734451	Women Empowerment	Waste Management Program	Women Empowerment Workshops	\N	0000000000000000
1219	Bright Futures Trust 216	bright.futures.trust.216@yahoo.com	73, Brigade Road, Sector 5, Bengaluru	Anjali Dubey	+91-7915103473	Women Empowerment	Disaster Relief Fund	Renewable Energy Project	\N	0000000000000000
1220	Helping Hands Foundation 217	helping.hands.foundation.217@yahoo.com	53, Koramangala, 4th Block, Bengaluru	Amit Joshi	+91-7860402814	Animal Welfare	Sanitation and Hygiene Project	Health Screening Initiative	\N	0000000000000000
1221	Dream Builders 218	dream.builders.218@yahoo.com	5, Koramangala, 4th Block, Bengaluru	Manisha Iyer	+91-8822706794	Social Justice	Child Welfare Program	Educational Outreach Program	\N	0000000000000000
1222	Hope for All 219	hope.for.all.219@gmail.com	13, MG Road, Tech Park, Bengaluru	Shweta Rao	+91-9667583578	Healthcare Services	Food Security Program	Construction of Community Center	\N	0000000000000000
1223	Smile Foundation 220	smile.foundation.220@gmail.com	21, Brigade Road, 1st Cross, Bengaluru	Sneha Roy	+91-7942029274	Healthcare Services	Food Security Program	Tree Plantation and Green Cover Expansion	\N	0000000000000000
1224	Parivartan NGO 221	parivartan.ngo.221@yahoo.com	77, Whitefield, 1st Cross, Bengaluru	Sneha Roy	+91-8862901766	Women Empowerment	Disaster Relief Fund	Skill Development Program	\N	0000000000000000
1225	Save the Strays 222	save.the.strays.222@ngoblr.org	40, Indiranagar, 1st Cross, Bengaluru	Pooja Arora	+91-8445532018	Disaster Relief	Waste Management Program	Disaster Relief Operations	\N	0000000000000000
1226	Annapurna Seva 223	annapurna.seva.223@ngoblr.org	52, Whitefield, 4th Block, Bengaluru	Manisha Iyer	+91-9723479787	Animal Welfare	Sanitation and Hygiene Project	Educational Outreach Program	\N	0000000000000000
1227	Helping Hands Foundation 224	helping.hands.foundation.224@gmail.com	67, MG Road, 4th Block, Bengaluru	Sneha Roy	+91-8376136816	Animal Welfare	Health Awareness Drive	Disaster Relief Operations	\N	0000000000000000
1228	Vidya Daan 225	vidya.daan.225@ngoblr.org	51, MG Road, Sector 5, Bengaluru	Rajesh Sharma	+91-8543753195	Child Education	Waste Management Program	Tree Plantation and Green Cover Expansion	\N	0000000000000000
1229	Jan Shakti Mission 226	jan.shakti.mission.226@ngoblr.org	34, Brigade Road, 1st Cross, Bengaluru	Divya Menon	+91-9489764911	Environmental Conservation	Child Welfare Program	Women Empowerment Workshops	\N	0000000000000000
1230	Save the Strays 227	save.the.strays.227@yahoo.com	70, Brigade Road, 4th Block, Bengaluru	Anjali Dubey	+91-9617603382	Environmental Conservation	Waste Management Program	Tree Plantation and Green Cover Expansion	\N	0000000000000000
1231	Parivartan NGO 228	parivartan.ngo.228@ngoblr.org	7, MG Road, 1st Cross, Bengaluru	Priya Shetty	+91-8059960899	Environmental Conservation	Animal Rescue and Welfare	Educational Outreach Program	\N	0000000000000000
1232	Shakti Foundation 229	shakti.foundation.229@ngoblr.org	20, Koramangala, Sector 5, Bengaluru	Anjali Dubey	+91-7330951548	Healthcare Services	Clean Water Initiative	Not Applicable	\N	0000000000000000
1233	Aarogya India 230	aarogya.india.230@outlook.com	6, MG Road, Sector 5, Bengaluru	Sameer Shah	+91-9141688234	Child Education	Sanitation and Hygiene Project	Educational Outreach Program	\N	0000000000000000
1234	Hope for All 231	hope.for.all.231@yahoo.com	89, Brigade Road, Sector 5, Bengaluru	Sameer Shah	+91-7345323729	Social Justice	Sanitation and Hygiene Project	Educational Outreach Program	\N	0000000000000000
1235	Mission Humanity 232	mission.humanity.232@yahoo.com	51, Brigade Road, 1st Cross, Bengaluru	Kiran Kumar	+91-7083404229	Hunger Eradication	Education for All	Water Harvesting System	\N	0000000000000000
1236	Aarogya India 233	aarogya.india.233@outlook.com	12, Brigade Road, Tech Park, Bengaluru	Divya Menon	+91-9819408025	Hunger Eradication	Health Awareness Drive	Water Harvesting System	\N	0000000000000000
1237	Sahara Trust 234	sahara.trust.234@ngoblr.org	21, MG Road, 4th Block, Bengaluru	Manisha Iyer	+91-9170598074	Elderly Care	Animal Rescue and Welfare	Not Applicable	\N	0000000000000000
1238	Empower India Initiative 235	empower.india.initiative.235@outlook.com	39, Whitefield, Tech Park, Bengaluru	Deepak Sinha	+91-9040407974	Environmental Conservation	Food Security Program	Educational Outreach Program	\N	0000000000000000
1239	Smile Foundation 236	smile.foundation.236@outlook.com	78, Brigade Road, Tech Park, Bengaluru	Shweta Rao	+91-7809284381	Environmental Conservation	Food Security Program	Skill Development Program	\N	0000000000000000
1240	Jan Shakti Mission 237	jan.shakti.mission.237@ngoblr.org	25, Brigade Road, 4th Block, Bengaluru	Manisha Iyer	+91-9040227728	Environmental Conservation	Community Empowerment	Women Empowerment Workshops	\N	0000000000000000
1241	ElderCare Trust 238	eldercare.trust.238@outlook.com	10, Brigade Road, 1st Cross, Bengaluru	Amit Joshi	+91-8419950820	Hunger Eradication	Women Empowerment Project	Food Security Program	\N	0000000000000000
1242	Green Earth Society 239	green.earth.society.239@yahoo.com	66, MG Road, 2nd Main, Bengaluru	Deepak Sinha	+91-7650700340	Elderly Care	Animal Rescue and Welfare	Disaster Relief Operations	\N	0000000000000000
1243	Tree Huggers Club 240	tree.huggers.club.240@yahoo.com	73, Indiranagar, Sector 5, Bengaluru	Sameer Shah	+91-9028074976	Child Education	Education for All	Health Screening Initiative	\N	0000000000000000
1244	Annapurna Seva 241	annapurna.seva.241@ngoblr.org	40, Brigade Road, 4th Block, Bengaluru	Meera Krishnan	+91-7259776179	Skill Development	Sanitation and Hygiene Project	Disaster Relief Operations	\N	0000000000000000
1245	Dream Builders 242	dream.builders.242@gmail.com	48, Koramangala, 4th Block, Bengaluru	Anjali Dubey	+91-9704747264	Skill Development	Community Empowerment	Not Applicable	\N	0000000000000000
1246	Parivartan NGO 243	parivartan.ngo.243@ngoblr.org	54, Indiranagar, 4th Block, Bengaluru	Anita Verma	+91-9085565102	Environmental Conservation	Child Welfare Program	Tree Plantation and Green Cover Expansion	\N	0000000000000000
1247	Tree Huggers Club 244	tree.huggers.club.244@yahoo.com	21, Koramangala, 1st Cross, Bengaluru	Sunil Rao	+91-8856198989	Healthcare Services	Women Empowerment Project	Disaster Relief Operations	\N	0000000000000000
1248	ElderCare Trust 245	eldercare.trust.245@ngoblr.org	76, Brigade Road, 1st Cross, Bengaluru	Pooja Arora	+91-8007823531	Environmental Conservation	Community Empowerment	Health Screening Initiative	\N	0000000000000000
1249	Dream Builders 246	dream.builders.246@outlook.com	61, MG Road, 1st Cross, Bengaluru	Manisha Iyer	+91-8911891957	Animal Welfare	Tree Plantation Campaign	Food Security Program	\N	0000000000000000
1250	Jan Shakti Mission 247	jan.shakti.mission.247@gmail.com	40, MG Road, Tech Park, Bengaluru	Deepak Sinha	+91-7139343145	Women Empowerment	Clean Water Initiative	Educational Outreach Program	\N	0000000000000000
1251	Parivartan NGO 248	parivartan.ngo.248@ngoblr.org	62, Koramangala, 4th Block, Bengaluru	Kiran Kumar	+91-8989267223	Elderly Care	Community Empowerment	Health Screening Initiative	\N	0000000000000000
1252	Dream Builders 249	dream.builders.249@yahoo.com	8, Koramangala, 2nd Main, Bengaluru	Priya Shetty	+91-8139439947	Disaster Relief	Clean Water Initiative	Women Empowerment Workshops	\N	0000000000000000
1253	Hope for All 250	hope.for.all.250@ngoblr.org	36, Brigade Road, 4th Block, Bengaluru	Divya Menon	+91-9930892734	Social Justice	Animal Rescue and Welfare	Women Empowerment Workshops	\N	0000000000000000
1254	Care & Cure Foundation 251	care.&.cure.foundation.251@yahoo.com	89, Indiranagar, 1st Cross, Bengaluru	Divya Menon	+91-9340261078	Elderly Care	Education for All	Skill Development Program	\N	0000000000000000
1255	Smile Foundation 252	smile.foundation.252@ngoblr.org	48, Brigade Road, 4th Block, Bengaluru	Meera Krishnan	+91-9647791470	Social Justice	Disaster Relief Fund	Women Empowerment Workshops	\N	0000000000000000
1256	Mission Humanity 253	mission.humanity.253@ngoblr.org	47, Indiranagar, Tech Park, Bengaluru	Sameer Shah	+91-9962263484	Animal Welfare	Tree Plantation Campaign	Construction of Community Center	\N	0000000000000000
1257	Helping Hands Foundation 254	helping.hands.foundation.254@yahoo.com	73, Whitefield, Sector 5, Bengaluru	Anita Verma	+91-7161849800	Healthcare Services	Disaster Relief Fund	Women Empowerment Workshops	\N	0000000000000000
1258	Mission Humanity 255	mission.humanity.255@ngoblr.org	74, Brigade Road, 1st Cross, Bengaluru	Neha Gupta	+91-8297457492	Skill Development	Education for All	Health Screening Initiative	\N	0000000000000000
1259	Dream Builders 256	dream.builders.256@gmail.com	93, Koramangala, Tech Park, Bengaluru	Pooja Arora	+91-7480681528	Social Justice	Waste Management Program	Disaster Relief Operations	\N	0000000000000000
1260	Bright Futures Trust 257	bright.futures.trust.257@yahoo.com	91, MG Road, 1st Cross, Bengaluru	Ramesh Nair	+91-7504210053	Child Education	Health Awareness Drive	Renewable Energy Project	\N	0000000000000000
1261	Smile Foundation 258	smile.foundation.258@outlook.com	49, Koramangala, 2nd Main, Bengaluru	Amit Joshi	+91-8338011177	Animal Welfare	Food Security Program	Disaster Relief Operations	\N	0000000000000000
1262	Vidya Daan 259	vidya.daan.259@outlook.com	54, MG Road, 1st Cross, Bengaluru	Manisha Iyer	+91-9336072058	Healthcare Services	Clean Water Initiative	Educational Outreach Program	\N	0000000000000000
1263	Dream Builders 260	dream.builders.260@outlook.com	34, Brigade Road, 4th Block, Bengaluru	Anjali Dubey	+91-9563552510	Animal Welfare	Child Welfare Program	Construction of Community Center	\N	0000000000000000
1264	Vidya Daan 261	vidya.daan.261@ngoblr.org	5, Brigade Road, Tech Park, Bengaluru	Meera Krishnan	+91-7039583624	Disaster Relief	Women Empowerment Project	Women Empowerment Workshops	\N	0000000000000000
1265	Sahara Trust 262	sahara.trust.262@outlook.com	98, Koramangala, 2nd Main, Bengaluru	Anjali Dubey	+91-9969098045	Animal Welfare	Food Security Program	Health Screening Initiative	\N	0000000000000000
1266	Tree Huggers Club 263	tree.huggers.club.263@outlook.com	53, Whitefield, 4th Block, Bengaluru	Priya Shetty	+91-9341359141	Environmental Conservation	Clean Water Initiative	Water Harvesting System	\N	0000000000000000
1267	Smile Foundation 264	smile.foundation.264@ngoblr.org	2, Indiranagar, 4th Block, Bengaluru	Manisha Iyer	+91-8363805541	Environmental Conservation	Community Empowerment	Skill Development Program	\N	0000000000000000
1268	Sparsh Foundation 265	sparsh.foundation.265@ngoblr.org	96, Indiranagar, 1st Cross, Bengaluru	Kiran Kumar	+91-7455895668	Elderly Care	Child Welfare Program	Educational Outreach Program	\N	0000000000000000
1269	Save the Strays 266	save.the.strays.266@ngoblr.org	32, Koramangala, Sector 5, Bengaluru	Arun Pillai	+91-8486065914	Child Education	Waste Management Program	Health Screening Initiative	\N	0000000000000000
1270	Helping Hands Foundation 267	helping.hands.foundation.267@ngoblr.org	10, MG Road, Tech Park, Bengaluru	Ramesh Nair	+91-9934043319	Animal Welfare	Disaster Relief Fund	Food Security Program	\N	0000000000000000
1271	Aarogya India 268	aarogya.india.268@ngoblr.org	51, Koramangala, 4th Block, Bengaluru	Meera Krishnan	+91-9390844601	Animal Welfare	Disaster Relief Fund	Not Applicable	\N	0000000000000000
1272	Vidya Daan 269	vidya.daan.269@ngoblr.org	37, Whitefield, 2nd Main, Bengaluru	Rajesh Sharma	+91-9275583147	Women Empowerment	Tree Plantation Campaign	Construction of Community Center	\N	0000000000000000
1273	Save the Strays 270	save.the.strays.270@outlook.com	73, Indiranagar, 4th Block, Bengaluru	Neha Gupta	+91-9462696820	Animal Welfare	Education for All	Tree Plantation and Green Cover Expansion	\N	0000000000000000
1274	Sahara Trust 271	sahara.trust.271@gmail.com	81, Koramangala, 2nd Main, Bengaluru	Anjali Dubey	+91-7091453524	Child Education	Waste Management Program	Women Empowerment Workshops	\N	0000000000000000
1275	Jan Shakti Mission 272	jan.shakti.mission.272@gmail.com	14, Koramangala, 4th Block, Bengaluru	Manisha Iyer	+91-7388190357	Social Justice	Sanitation and Hygiene Project	Tree Plantation and Green Cover Expansion	\N	0000000000000000
1276	Annapurna Seva 273	annapurna.seva.273@outlook.com	64, Brigade Road, 4th Block, Bengaluru	Sunil Rao	+91-8400254570	Environmental Conservation	Tree Plantation Campaign	Construction of Community Center	\N	0000000000000000
1277	Aarogya India 274	aarogya.india.274@yahoo.com	98, Indiranagar, Sector 5, Bengaluru	Rajesh Sharma	+91-7766543686	Women Empowerment	Food Security Program	Not Applicable	\N	0000000000000000
1278	Parivartan NGO 275	parivartan.ngo.275@outlook.com	30, Whitefield, Sector 5, Bengaluru	Sameer Shah	+91-7364830468	Elderly Care	Women Empowerment Project	Water Harvesting System	\N	0000000000000000
1279	Care & Cure Foundation 276	care.&.cure.foundation.276@yahoo.com	95, Koramangala, Sector 5, Bengaluru	Anita Verma	+91-7505771995	Women Empowerment	Health Awareness Drive	Construction of Community Center	\N	0000000000000000
1280	Hope for All 277	hope.for.all.277@gmail.com	63, Brigade Road, 4th Block, Bengaluru	Vikram Singh	+91-8403518241	Women Empowerment	Education for All	Health Screening Initiative	\N	0000000000000000
1281	Aarogya India 278	aarogya.india.278@outlook.com	28, Indiranagar, 2nd Main, Bengaluru	Shweta Rao	+91-7887859576	Healthcare Services	Health Awareness Drive	Not Applicable	\N	0000000000000000
1282	Bright Futures Trust 279	bright.futures.trust.279@outlook.com	72, Whitefield, 2nd Main, Bengaluru	Shweta Rao	+91-7366640216	Skill Development	Food Security Program	Renewable Energy Project	\N	0000000000000000
1283	Empower India Initiative 280	empower.india.initiative.280@ngoblr.org	100, Koramangala, 4th Block, Bengaluru	Anita Verma	+91-7313275086	Hunger Eradication	Clean Water Initiative	Food Security Program	\N	0000000000000000
1284	Annapurna Seva 281	annapurna.seva.281@ngoblr.org	7, MG Road, Tech Park, Bengaluru	Kiran Kumar	+91-8007742428	Social Justice	Tree Plantation Campaign	Food Security Program	\N	0000000000000000
1285	Bright Futures Trust 282	bright.futures.trust.282@gmail.com	39, MG Road, Tech Park, Bengaluru	Amit Joshi	+91-7250309628	Child Education	Animal Rescue and Welfare	Educational Outreach Program	\N	0000000000000000
1286	Smile Foundation 283	smile.foundation.283@yahoo.com	55, Whitefield, 2nd Main, Bengaluru	Kiran Kumar	+91-7004043275	Hunger Eradication	Animal Rescue and Welfare	Health Screening Initiative	\N	0000000000000000
1287	Annapurna Seva 284	annapurna.seva.284@yahoo.com	7, Indiranagar, 1st Cross, Bengaluru	Kiran Kumar	+91-7826815548	Women Empowerment	Food Security Program	Educational Outreach Program	\N	0000000000000000
1288	Shakti Foundation 285	shakti.foundation.285@ngoblr.org	91, Brigade Road, Tech Park, Bengaluru	Kiran Kumar	+91-9273153642	Women Empowerment	Clean Water Initiative	Not Applicable	\N	0000000000000000
1289	Green Earth Society 286	green.earth.society.286@gmail.com	2, Indiranagar, 2nd Main, Bengaluru	Pooja Arora	+91-9596310130	Animal Welfare	Disaster Relief Fund	Disaster Relief Operations	\N	0000000000000000
1290	Smile Foundation 287	smile.foundation.287@yahoo.com	42, Indiranagar, 1st Cross, Bengaluru	Anjali Dubey	+91-8359871678	Social Justice	Women Empowerment Project	Not Applicable	\N	0000000000000000
1291	Aarogya India 288	aarogya.india.288@outlook.com	93, Indiranagar, 1st Cross, Bengaluru	Vikram Singh	+91-7633766405	Animal Welfare	Clean Water Initiative	Women Empowerment Workshops	\N	0000000000000000
1292	Green Earth Society 289	green.earth.society.289@yahoo.com	67, MG Road, Sector 5, Bengaluru	Anjali Dubey	+91-9524594221	Disaster Relief	Food Security Program	Water Harvesting System	\N	0000000000000000
1293	Empower India Initiative 290	empower.india.initiative.290@outlook.com	28, Indiranagar, Sector 5, Bengaluru	Vikram Singh	+91-8876471679	Animal Welfare	Tree Plantation Campaign	Not Applicable	\N	0000000000000000
1294	Jan Shakti Mission 291	jan.shakti.mission.291@yahoo.com	55, Brigade Road, 2nd Main, Bengaluru	Meera Krishnan	+91-7925697570	Women Empowerment	Tree Plantation Campaign	Renewable Energy Project	\N	0000000000000000
1295	Green Earth Society 292	green.earth.society.292@outlook.com	87, Brigade Road, 4th Block, Bengaluru	Sneha Roy	+91-8786810931	Disaster Relief	Animal Rescue and Welfare	Food Security Program	\N	0000000000000000
1296	Bright Futures Trust 293	bright.futures.trust.293@ngoblr.org	21, Indiranagar, Sector 5, Bengaluru	Deepak Sinha	+91-8003246117	Healthcare Services	Education for All	Educational Outreach Program	\N	0000000000000000
1297	Empower India Initiative 294	empower.india.initiative.294@gmail.com	84, Whitefield, 2nd Main, Bengaluru	Manisha Iyer	+91-8249753930	Women Empowerment	Food Security Program	Water Harvesting System	\N	0000000000000000
1298	Sahara Trust 295	sahara.trust.295@outlook.com	80, Koramangala, 4th Block, Bengaluru	Kiran Kumar	+91-9999003175	Skill Development	Women Empowerment Project	Construction of Community Center	\N	0000000000000000
1299	Bright Futures Trust 296	bright.futures.trust.296@yahoo.com	50, Whitefield, 1st Cross, Bengaluru	Arun Pillai	+91-8719567978	Skill Development	Women Empowerment Project	Skill Development Program	\N	0000000000000000
1300	Sahara Trust 297	sahara.trust.297@ngoblr.org	56, Whitefield, 2nd Main, Bengaluru	Arun Pillai	+91-7137236862	Environmental Conservation	Women Empowerment Project	Food Security Program	\N	0000000000000000
1301	Mission Humanity 298	mission.humanity.298@ngoblr.org	70, Koramangala, Tech Park, Bengaluru	Amit Joshi	+91-8484913371	Environmental Conservation	Disaster Relief Fund	Renewable Energy Project	\N	0000000000000000
1302	Green Earth Society 299	green.earth.society.299@gmail.com	4, Whitefield, 2nd Main, Bengaluru	Rahul Jain	+91-9618894121	Disaster Relief	Sanitation and Hygiene Project	Water Harvesting System	\N	0000000000000000
1303	ElderCare Trust 300	eldercare.trust.300@yahoo.com	70, Indiranagar, Sector 5, Bengaluru	Manisha Iyer	+91-7678194155	Disaster Relief	Clean Water Initiative	Skill Development Program	\N	0000000000000000
1304	Annapurna Seva 301	annapurna.seva.301@ngoblr.org	50, Indiranagar, 1st Cross, Bengaluru	Divya Menon	+91-9313714234	Skill Development	Tree Plantation Campaign	Women Empowerment Workshops	\N	0000000000000000
1305	Shakti Foundation 302	shakti.foundation.302@gmail.com	50, Whitefield, Tech Park, Bengaluru	Neha Gupta	+91-9007427528	Child Education	Women Empowerment Project	Skill Development Program	\N	0000000000000000
1306	Hope for All 303	hope.for.all.303@ngoblr.org	100, Whitefield, 2nd Main, Bengaluru	Kiran Kumar	+91-8005566646	Environmental Conservation	Tree Plantation Campaign	Tree Plantation and Green Cover Expansion	\N	0000000000000000
1307	Bright Futures Trust 304	bright.futures.trust.304@outlook.com	9, MG Road, Sector 5, Bengaluru	Anjali Dubey	+91-7956082658	Disaster Relief	Animal Rescue and Welfare	Not Applicable	\N	0000000000000000
1308	Mission Humanity 305	mission.humanity.305@outlook.com	46, Brigade Road, 4th Block, Bengaluru	Anita Verma	+91-8051025605	Healthcare Services	Community Empowerment	Health Screening Initiative	\N	0000000000000000
1309	Shakti Foundation 306	shakti.foundation.306@yahoo.com	55, MG Road, Tech Park, Bengaluru	Meera Krishnan	+91-9137056604	Environmental Conservation	Tree Plantation Campaign	Skill Development Program	\N	0000000000000000
1310	Bright Futures Trust 307	bright.futures.trust.307@ngoblr.org	67, MG Road, 4th Block, Bengaluru	Vikram Singh	+91-9510814973	Skill Development	Disaster Relief Fund	Disaster Relief Operations	\N	0000000000000000
1311	Jan Shakti Mission 308	jan.shakti.mission.308@outlook.com	67, Koramangala, 1st Cross, Bengaluru	Priya Shetty	+91-8994460510	Child Education	Food Security Program	Food Security Program	\N	0000000000000000
1312	Empower India Initiative 309	empower.india.initiative.309@outlook.com	100, Whitefield, 4th Block, Bengaluru	Arun Pillai	+91-7593741798	Women Empowerment	Sanitation and Hygiene Project	Educational Outreach Program	\N	0000000000000000
1313	Smile Foundation 310	smile.foundation.310@outlook.com	88, Whitefield, Sector 5, Bengaluru	Rahul Jain	+91-8860843518	Child Education	Disaster Relief Fund	Educational Outreach Program	\N	0000000000000000
1314	Smile Foundation 311	smile.foundation.311@yahoo.com	22, Brigade Road, Tech Park, Bengaluru	Neha Gupta	+91-7489098067	Animal Welfare	Clean Water Initiative	Women Empowerment Workshops	\N	0000000000000000
1315	Sparsh Foundation 312	sparsh.foundation.312@gmail.com	33, MG Road, 2nd Main, Bengaluru	Amit Joshi	+91-9233169272	Healthcare Services	Clean Water Initiative	Educational Outreach Program	\N	0000000000000000
1316	Helping Hands Foundation 313	helping.hands.foundation.313@ngoblr.org	92, Brigade Road, Sector 5, Bengaluru	Arun Pillai	+91-9646908089	Disaster Relief	Tree Plantation Campaign	Skill Development Program	\N	0000000000000000
1317	ElderCare Trust 314	eldercare.trust.314@ngoblr.org	37, Koramangala, Sector 5, Bengaluru	Vikram Singh	+91-9755227880	Animal Welfare	Clean Water Initiative	Renewable Energy Project	\N	0000000000000000
1318	ElderCare Trust 315	eldercare.trust.315@ngoblr.org	62, Whitefield, Sector 5, Bengaluru	Kiran Kumar	+91-9694752002	Elderly Care	Clean Water Initiative	Construction of Community Center	\N	0000000000000000
1319	Dream Builders 316	dream.builders.316@gmail.com	51, Indiranagar, 1st Cross, Bengaluru	Shweta Rao	+91-8489839161	Hunger Eradication	Disaster Relief Fund	Construction of Community Center	\N	0000000000000000
1320	Smile Foundation 317	smile.foundation.317@ngoblr.org	15, Brigade Road, Tech Park, Bengaluru	Divya Menon	+91-7518772918	Disaster Relief	Animal Rescue and Welfare	Skill Development Program	\N	0000000000000000
1321	Sahara Trust 318	sahara.trust.318@ngoblr.org	90, Indiranagar, 1st Cross, Bengaluru	Rajesh Sharma	+91-8245251292	Child Education	Sanitation and Hygiene Project	Women Empowerment Workshops	\N	0000000000000000
1322	Annapurna Seva 319	annapurna.seva.319@yahoo.com	18, Koramangala, 2nd Main, Bengaluru	Anjali Dubey	+91-8494144921	Social Justice	Education for All	Renewable Energy Project	\N	0000000000000000
1323	Annapurna Seva 320	annapurna.seva.320@ngoblr.org	91, Koramangala, 2nd Main, Bengaluru	Divya Menon	+91-8318593546	Women Empowerment	Sanitation and Hygiene Project	Tree Plantation and Green Cover Expansion	\N	0000000000000000
1324	Hope for All 321	hope.for.all.321@yahoo.com	80, Koramangala, Sector 5, Bengaluru	Sneha Roy	+91-9616504631	Hunger Eradication	Health Awareness Drive	Skill Development Program	\N	0000000000000000
1325	Shakti Foundation 322	shakti.foundation.322@outlook.com	85, MG Road, 1st Cross, Bengaluru	Amit Joshi	+91-9238991422	Hunger Eradication	Food Security Program	Disaster Relief Operations	\N	0000000000000000
1326	Empower India Initiative 323	empower.india.initiative.323@outlook.com	20, Koramangala, 2nd Main, Bengaluru	Sunil Rao	+91-7743194922	Women Empowerment	Community Empowerment	Tree Plantation and Green Cover Expansion	\N	0000000000000000
1327	Tree Huggers Club 324	tree.huggers.club.324@gmail.com	1, Koramangala, 4th Block, Bengaluru	Sneha Roy	+91-9553690893	Women Empowerment	Clean Water Initiative	Skill Development Program	\N	0000000000000000
1328	Shakti Foundation 325	shakti.foundation.325@yahoo.com	46, MG Road, 2nd Main, Bengaluru	Divya Menon	+91-7089024658	Elderly Care	Tree Plantation Campaign	Construction of Community Center	\N	0000000000000000
1329	Tree Huggers Club 326	tree.huggers.club.326@gmail.com	17, Koramangala, 1st Cross, Bengaluru	Arun Pillai	+91-7718736928	Environmental Conservation	Waste Management Program	Disaster Relief Operations	\N	0000000000000000
1330	Care & Cure Foundation 327	care.&.cure.foundation.327@outlook.com	90, Koramangala, Tech Park, Bengaluru	Arun Pillai	+91-9003021655	Child Education	Health Awareness Drive	Food Security Program	\N	0000000000000000
1331	Mission Humanity 328	mission.humanity.328@gmail.com	4, MG Road, Sector 5, Bengaluru	Shweta Rao	+91-9116255775	Child Education	Women Empowerment Project	Food Security Program	\N	0000000000000000
1332	Hope for All 329	hope.for.all.329@outlook.com	42, Koramangala, 2nd Main, Bengaluru	Neha Gupta	+91-9200222543	Social Justice	Food Security Program	Disaster Relief Operations	\N	0000000000000000
1333	ElderCare Trust 330	eldercare.trust.330@ngoblr.org	72, Koramangala, 4th Block, Bengaluru	Kiran Kumar	+91-9898663820	Hunger Eradication	Child Welfare Program	Skill Development Program	\N	0000000000000000
1334	Smile Foundation 331	smile.foundation.331@ngoblr.org	32, Indiranagar, Sector 5, Bengaluru	Anita Verma	+91-7840582077	Women Empowerment	Tree Plantation Campaign	Renewable Energy Project	\N	0000000000000000
1335	Jan Shakti Mission 332	jan.shakti.mission.332@gmail.com	76, Indiranagar, 1st Cross, Bengaluru	Kiran Kumar	+91-8549433262	Women Empowerment	Disaster Relief Fund	Women Empowerment Workshops	\N	0000000000000000
1336	Dream Builders 333	dream.builders.333@gmail.com	91, Brigade Road, 1st Cross, Bengaluru	Pooja Arora	+91-7402227306	Environmental Conservation	Women Empowerment Project	Women Empowerment Workshops	\N	0000000000000000
1337	Helping Hands Foundation 334	helping.hands.foundation.334@yahoo.com	76, Whitefield, Tech Park, Bengaluru	Vikram Singh	+91-8729893376	Child Education	Disaster Relief Fund	Water Harvesting System	\N	0000000000000000
1338	Annapurna Seva 335	annapurna.seva.335@outlook.com	3, Whitefield, Tech Park, Bengaluru	Anjali Dubey	+91-9274528764	Child Education	Community Empowerment	Skill Development Program	\N	0000000000000000
1339	Save the Strays 336	save.the.strays.336@gmail.com	26, MG Road, 4th Block, Bengaluru	Sunil Rao	+91-7472273194	Animal Welfare	Disaster Relief Fund	Water Harvesting System	\N	0000000000000000
1340	Helping Hands Foundation 337	helping.hands.foundation.337@outlook.com	77, MG Road, 1st Cross, Bengaluru	Amit Joshi	+91-8561952056	Disaster Relief	Education for All	Skill Development Program	\N	0000000000000000
1341	Empower India Initiative 338	empower.india.initiative.338@outlook.com	26, MG Road, 1st Cross, Bengaluru	Manisha Iyer	+91-8582543687	Hunger Eradication	Sanitation and Hygiene Project	Disaster Relief Operations	\N	0000000000000000
1342	Sparsh Foundation 339	sparsh.foundation.339@gmail.com	80, Indiranagar, Sector 5, Bengaluru	Rajesh Sharma	+91-7247208593	Healthcare Services	Health Awareness Drive	Women Empowerment Workshops	\N	0000000000000000
1343	Shakti Foundation 340	shakti.foundation.340@gmail.com	41, Brigade Road, 2nd Main, Bengaluru	Anita Verma	+91-9523605794	Animal Welfare	Animal Rescue and Welfare	Skill Development Program	\N	0000000000000000
1344	Sparsh Foundation 341	sparsh.foundation.341@gmail.com	24, MG Road, Tech Park, Bengaluru	Manisha Iyer	+91-8390065776	Elderly Care	Tree Plantation Campaign	Not Applicable	\N	0000000000000000
1345	Dream Builders 342	dream.builders.342@yahoo.com	13, Koramangala, 1st Cross, Bengaluru	Ramesh Nair	+91-8366406718	Environmental Conservation	Education for All	Educational Outreach Program	\N	0000000000000000
1346	Sparsh Foundation 343	sparsh.foundation.343@ngoblr.org	10, Whitefield, Sector 5, Bengaluru	Rahul Jain	+91-9525833527	Disaster Relief	Animal Rescue and Welfare	Disaster Relief Operations	\N	0000000000000000
1347	Aarogya India 344	aarogya.india.344@gmail.com	65, MG Road, Tech Park, Bengaluru	Rahul Jain	+91-9274416674	Women Empowerment	Women Empowerment Project	Women Empowerment Workshops	\N	0000000000000000
1348	Save the Strays 345	save.the.strays.345@yahoo.com	83, MG Road, Sector 5, Bengaluru	Deepak Sinha	+91-9909360181	Elderly Care	Waste Management Program	Educational Outreach Program	\N	0000000000000000
1349	Helping Hands Foundation 346	helping.hands.foundation.346@ngoblr.org	54, MG Road, Tech Park, Bengaluru	Deepak Sinha	+91-9433477619	Skill Development	Tree Plantation Campaign	Educational Outreach Program	\N	0000000000000000
1350	Vidya Daan 347	vidya.daan.347@gmail.com	5, Koramangala, 2nd Main, Bengaluru	Pooja Arora	+91-8199232352	Healthcare Services	Food Security Program	Skill Development Program	\N	0000000000000000
1351	Sparsh Foundation 348	sparsh.foundation.348@outlook.com	74, MG Road, 4th Block, Bengaluru	Meera Krishnan	+91-9635563216	Child Education	Waste Management Program	Educational Outreach Program	\N	0000000000000000
1352	Care & Cure Foundation 349	care.&.cure.foundation.349@yahoo.com	92, Indiranagar, 2nd Main, Bengaluru	Ramesh Nair	+91-7492355921	Child Education	Health Awareness Drive	Health Screening Initiative	\N	0000000000000000
1353	Helping Hands Foundation 350	helping.hands.foundation.350@gmail.com	43, Koramangala, 1st Cross, Bengaluru	Manisha Iyer	+91-9530185568	Women Empowerment	Child Welfare Program	Tree Plantation and Green Cover Expansion	\N	0000000000000000
1354	Aarogya India 351	aarogya.india.351@ngoblr.org	39, Indiranagar, Sector 5, Bengaluru	Shweta Rao	+91-9347484704	Environmental Conservation	Health Awareness Drive	Food Security Program	\N	0000000000000000
1355	Aarogya India 352	aarogya.india.352@yahoo.com	89, MG Road, Sector 5, Bengaluru	Deepak Sinha	+91-8223126570	Healthcare Services	Food Security Program	Renewable Energy Project	\N	0000000000000000
1356	Smile Foundation 353	smile.foundation.353@yahoo.com	83, Koramangala, 2nd Main, Bengaluru	Sneha Roy	+91-8436207598	Skill Development	Disaster Relief Fund	Women Empowerment Workshops	\N	0000000000000000
1357	Tree Huggers Club 354	tree.huggers.club.354@ngoblr.org	44, Indiranagar, Sector 5, Bengaluru	Anjali Dubey	+91-8878300506	Animal Welfare	Clean Water Initiative	Renewable Energy Project	\N	0000000000000000
1358	Empower India Initiative 355	empower.india.initiative.355@outlook.com	23, MG Road, 1st Cross, Bengaluru	Kiran Kumar	+91-9963237982	Environmental Conservation	Animal Rescue and Welfare	Water Harvesting System	\N	0000000000000000
1359	Jan Shakti Mission 356	jan.shakti.mission.356@ngoblr.org	21, MG Road, 2nd Main, Bengaluru	Manisha Iyer	+91-8673729833	Women Empowerment	Food Security Program	Health Screening Initiative	\N	0000000000000000
1360	ElderCare Trust 357	eldercare.trust.357@gmail.com	66, MG Road, 4th Block, Bengaluru	Manisha Iyer	+91-7958403442	Child Education	Education for All	Renewable Energy Project	\N	0000000000000000
1361	Jan Shakti Mission 358	jan.shakti.mission.358@outlook.com	37, Koramangala, Sector 5, Bengaluru	Pooja Arora	+91-8564573268	Hunger Eradication	Education for All	Health Screening Initiative	\N	0000000000000000
1362	Shakti Foundation 359	shakti.foundation.359@ngoblr.org	92, MG Road, Tech Park, Bengaluru	Anita Verma	+91-8875696683	Disaster Relief	Community Empowerment	Renewable Energy Project	\N	0000000000000000
1363	Hope for All 360	hope.for.all.360@yahoo.com	55, Koramangala, 1st Cross, Bengaluru	Sunil Rao	+91-9408613016	Environmental Conservation	Animal Rescue and Welfare	Not Applicable	\N	0000000000000000
1364	Sahara Trust 361	sahara.trust.361@yahoo.com	9, Koramangala, Tech Park, Bengaluru	Rajesh Sharma	+91-9944604173	Elderly Care	Waste Management Program	Disaster Relief Operations	\N	0000000000000000
1365	Hope for All 362	hope.for.all.362@outlook.com	68, Brigade Road, 4th Block, Bengaluru	Divya Menon	+91-7575462033	Women Empowerment	Education for All	Women Empowerment Workshops	\N	0000000000000000
1366	Vidya Daan 363	vidya.daan.363@yahoo.com	26, Whitefield, 4th Block, Bengaluru	Kiran Kumar	+91-8568068932	Child Education	Education for All	Disaster Relief Operations	\N	0000000000000000
1367	Parivartan NGO 364	parivartan.ngo.364@ngoblr.org	48, Indiranagar, 2nd Main, Bengaluru	Arun Pillai	+91-9177200384	Skill Development	Community Empowerment	Tree Plantation and Green Cover Expansion	\N	0000000000000000
1368	Jan Shakti Mission 365	jan.shakti.mission.365@ngoblr.org	45, Indiranagar, 2nd Main, Bengaluru	Priya Shetty	+91-9820545471	Hunger Eradication	Community Empowerment	Skill Development Program	\N	0000000000000000
1369	Bright Futures Trust 366	bright.futures.trust.366@gmail.com	60, Indiranagar, 1st Cross, Bengaluru	Anjali Dubey	+91-7399707148	Healthcare Services	Animal Rescue and Welfare	Tree Plantation and Green Cover Expansion	\N	0000000000000000
1370	Aarogya India 367	aarogya.india.367@outlook.com	72, Indiranagar, 2nd Main, Bengaluru	Manisha Iyer	+91-8795295339	Skill Development	Health Awareness Drive	Disaster Relief Operations	\N	0000000000000000
1371	Helping Hands Foundation 368	helping.hands.foundation.368@gmail.com	27, Brigade Road, Tech Park, Bengaluru	Divya Menon	+91-7958795895	Hunger Eradication	Disaster Relief Fund	Tree Plantation and Green Cover Expansion	\N	0000000000000000
1372	Shakti Foundation 369	shakti.foundation.369@ngoblr.org	48, Brigade Road, 1st Cross, Bengaluru	Anjali Dubey	+91-9227906113	Hunger Eradication	Clean Water Initiative	Health Screening Initiative	\N	0000000000000000
1373	Empower India Initiative 370	empower.india.initiative.370@outlook.com	66, Brigade Road, 2nd Main, Bengaluru	Divya Menon	+91-8462200572	Child Education	Food Security Program	Food Security Program	\N	0000000000000000
1374	Care & Cure Foundation 371	care.&.cure.foundation.371@gmail.com	37, Indiranagar, 1st Cross, Bengaluru	Kiran Kumar	+91-9610845282	Social Justice	Women Empowerment Project	Renewable Energy Project	\N	0000000000000000
1375	Bright Futures Trust 372	bright.futures.trust.372@gmail.com	71, Indiranagar, Tech Park, Bengaluru	Neha Gupta	+91-8294017123	Healthcare Services	Education for All	Disaster Relief Operations	\N	0000000000000000
1376	Dream Builders 373	dream.builders.373@gmail.com	43, Whitefield, 1st Cross, Bengaluru	Meera Krishnan	+91-9282556372	Healthcare Services	Sanitation and Hygiene Project	Educational Outreach Program	\N	0000000000000000
1377	Aarogya India 374	aarogya.india.374@ngoblr.org	74, Indiranagar, 4th Block, Bengaluru	Deepak Sinha	+91-7860589934	Child Education	Community Empowerment	Disaster Relief Operations	\N	0000000000000000
1378	Care & Cure Foundation 375	care.&.cure.foundation.375@gmail.com	71, Indiranagar, 2nd Main, Bengaluru	Kiran Kumar	+91-8923619630	Environmental Conservation	Community Empowerment	Disaster Relief Operations	\N	0000000000000000
1379	Sparsh Foundation 376	sparsh.foundation.376@ngoblr.org	89, Koramangala, 1st Cross, Bengaluru	Ramesh Nair	+91-7770792178	Social Justice	Animal Rescue and Welfare	Women Empowerment Workshops	\N	0000000000000000
1380	Sparsh Foundation 377	sparsh.foundation.377@yahoo.com	83, Koramangala, 1st Cross, Bengaluru	Meera Krishnan	+91-9120599795	Women Empowerment	Tree Plantation Campaign	Not Applicable	\N	0000000000000000
1381	Dream Builders 378	dream.builders.378@outlook.com	65, Whitefield, Tech Park, Bengaluru	Sneha Roy	+91-8764756988	Disaster Relief	Community Empowerment	Not Applicable	\N	0000000000000000
1382	Green Earth Society 379	green.earth.society.379@ngoblr.org	24, Koramangala, 4th Block, Bengaluru	Divya Menon	+91-8602624665	Elderly Care	Women Empowerment Project	Tree Plantation and Green Cover Expansion	\N	0000000000000000
1383	Parivartan NGO 380	parivartan.ngo.380@outlook.com	29, Brigade Road, 1st Cross, Bengaluru	Amit Joshi	+91-7065170300	Child Education	Health Awareness Drive	Food Security Program	\N	0000000000000000
1384	Sahara Trust 381	sahara.trust.381@ngoblr.org	19, Indiranagar, 1st Cross, Bengaluru	Amit Joshi	+91-7097488255	Animal Welfare	Child Welfare Program	Construction of Community Center	\N	0000000000000000
1385	Shakti Foundation 382	shakti.foundation.382@yahoo.com	83, MG Road, Tech Park, Bengaluru	Sneha Roy	+91-8984416768	Disaster Relief	Education for All	Food Security Program	\N	0000000000000000
1386	Annapurna Seva 383	annapurna.seva.383@outlook.com	76, Indiranagar, Tech Park, Bengaluru	Anjali Dubey	+91-9768494658	Skill Development	Women Empowerment Project	Food Security Program	\N	0000000000000000
1387	Smile Foundation 384	smile.foundation.384@yahoo.com	85, Brigade Road, 1st Cross, Bengaluru	Deepak Sinha	+91-8901079882	Animal Welfare	Women Empowerment Project	Not Applicable	\N	0000000000000000
1388	Save the Strays 385	save.the.strays.385@yahoo.com	35, Koramangala, 1st Cross, Bengaluru	Neha Gupta	+91-7564039946	Disaster Relief	Child Welfare Program	Educational Outreach Program	\N	0000000000000000
1389	Shakti Foundation 386	shakti.foundation.386@gmail.com	93, MG Road, 2nd Main, Bengaluru	Sameer Shah	+91-9784898132	Healthcare Services	Animal Rescue and Welfare	Health Screening Initiative	\N	0000000000000000
1390	Dream Builders 387	dream.builders.387@yahoo.com	7, Koramangala, Sector 5, Bengaluru	Vikram Singh	+91-9407631332	Skill Development	Education for All	Food Security Program	\N	0000000000000000
1391	Save the Strays 388	save.the.strays.388@ngoblr.org	96, Brigade Road, Sector 5, Bengaluru	Arun Pillai	+91-7708186594	Environmental Conservation	Clean Water Initiative	Skill Development Program	\N	0000000000000000
1392	Empower India Initiative 389	empower.india.initiative.389@gmail.com	19, Whitefield, Sector 5, Bengaluru	Sunil Rao	+91-8454474046	Child Education	Women Empowerment Project	Educational Outreach Program	\N	0000000000000000
1393	Bright Futures Trust 390	bright.futures.trust.390@outlook.com	34, Whitefield, Tech Park, Bengaluru	Rajesh Sharma	+91-7587254041	Hunger Eradication	Animal Rescue and Welfare	Food Security Program	\N	0000000000000000
1394	Shakti Foundation 391	shakti.foundation.391@ngoblr.org	54, Koramangala, 4th Block, Bengaluru	Anjali Dubey	+91-7420691024	Hunger Eradication	Disaster Relief Fund	Disaster Relief Operations	\N	0000000000000000
1395	Hope for All 392	hope.for.all.392@ngoblr.org	78, Brigade Road, 2nd Main, Bengaluru	Sameer Shah	+91-7595738612	Environmental Conservation	Waste Management Program	Educational Outreach Program	\N	0000000000000000
1396	Jan Shakti Mission 393	jan.shakti.mission.393@ngoblr.org	67, Whitefield, 1st Cross, Bengaluru	Rahul Jain	+91-9371048954	Healthcare Services	Food Security Program	Food Security Program	\N	0000000000000000
1397	Annapurna Seva 394	annapurna.seva.394@yahoo.com	16, Koramangala, 1st Cross, Bengaluru	Rahul Jain	+91-7654484162	Disaster Relief	Food Security Program	Tree Plantation and Green Cover Expansion	\N	0000000000000000
1398	Annapurna Seva 395	annapurna.seva.395@gmail.com	97, MG Road, 1st Cross, Bengaluru	Shweta Rao	+91-9289727216	Women Empowerment	Clean Water Initiative	Skill Development Program	\N	0000000000000000
1399	Sahara Trust 396	sahara.trust.396@gmail.com	32, Koramangala, Sector 5, Bengaluru	Divya Menon	+91-9747010983	Skill Development	Waste Management Program	Women Empowerment Workshops	\N	0000000000000000
1400	Care & Cure Foundation 397	care.&.cure.foundation.397@yahoo.com	52, Brigade Road, 1st Cross, Bengaluru	Sunil Rao	+91-8896506410	Social Justice	Waste Management Program	Educational Outreach Program	\N	0000000000000000
1401	Tree Huggers Club 398	tree.huggers.club.398@yahoo.com	39, Indiranagar, 1st Cross, Bengaluru	Anjali Dubey	+91-7331161963	Environmental Conservation	Tree Plantation Campaign	Water Harvesting System	\N	0000000000000000
1402	Hope for All 399	hope.for.all.399@yahoo.com	45, Whitefield, Tech Park, Bengaluru	Rajesh Sharma	+91-7272716392	Social Justice	Women Empowerment Project	Food Security Program	\N	0000000000000000
1403	Sparsh Foundation 400	sparsh.foundation.400@yahoo.com	87, Brigade Road, Tech Park, Bengaluru	Pooja Arora	+91-9432536303	Hunger Eradication	Health Awareness Drive	Women Empowerment Workshops	\N	0000000000000000
1404	Green Earth Society 401	green.earth.society.401@ngoblr.org	5, Brigade Road, 4th Block, Bengaluru	Manisha Iyer	+91-9468837461	Animal Welfare	Health Awareness Drive	Educational Outreach Program	\N	0000000000000000
1405	Annapurna Seva 402	annapurna.seva.402@ngoblr.org	86, Koramangala, 2nd Main, Bengaluru	Deepak Sinha	+91-8126184036	Skill Development	Child Welfare Program	Educational Outreach Program	\N	0000000000000000
1406	Tree Huggers Club 403	tree.huggers.club.403@ngoblr.org	22, Brigade Road, Sector 5, Bengaluru	Anita Verma	+91-7894104055	Women Empowerment	Community Empowerment	Disaster Relief Operations	\N	0000000000000000
1407	Dream Builders 404	dream.builders.404@yahoo.com	11, Indiranagar, Tech Park, Bengaluru	Anjali Dubey	+91-8869538013	Animal Welfare	Child Welfare Program	Water Harvesting System	\N	0000000000000000
1408	Bright Futures Trust 405	bright.futures.trust.405@outlook.com	55, Whitefield, 1st Cross, Bengaluru	Pooja Arora	+91-8727306964	Child Education	Clean Water Initiative	Construction of Community Center	\N	0000000000000000
1409	Annapurna Seva 406	annapurna.seva.406@gmail.com	17, Indiranagar, Tech Park, Bengaluru	Meera Krishnan	+91-7151584539	Skill Development	Child Welfare Program	Women Empowerment Workshops	\N	0000000000000000
1410	Mission Humanity 407	mission.humanity.407@yahoo.com	37, Brigade Road, 4th Block, Bengaluru	Vikram Singh	+91-8073620338	Healthcare Services	Clean Water Initiative	Educational Outreach Program	\N	0000000000000000
1411	Parivartan NGO 408	parivartan.ngo.408@ngoblr.org	58, MG Road, 1st Cross, Bengaluru	Priya Shetty	+91-7920385327	Healthcare Services	Health Awareness Drive	Educational Outreach Program	\N	0000000000000000
1412	Bright Futures Trust 409	bright.futures.trust.409@outlook.com	10, Brigade Road, 2nd Main, Bengaluru	Shweta Rao	+91-9683192067	Healthcare Services	Health Awareness Drive	Not Applicable	\N	0000000000000000
1413	Sparsh Foundation 410	sparsh.foundation.410@outlook.com	56, Whitefield, Tech Park, Bengaluru	Sneha Roy	+91-7667304649	Environmental Conservation	Health Awareness Drive	Construction of Community Center	\N	0000000000000000
1414	Empower India Initiative 411	empower.india.initiative.411@ngoblr.org	65, Brigade Road, Sector 5, Bengaluru	Divya Menon	+91-7965045828	Animal Welfare	Community Empowerment	Skill Development Program	\N	0000000000000000
1415	Annapurna Seva 412	annapurna.seva.412@ngoblr.org	46, Brigade Road, 2nd Main, Bengaluru	Sunil Rao	+91-7051178354	Hunger Eradication	Food Security Program	Food Security Program	\N	0000000000000000
1416	Shakti Foundation 413	shakti.foundation.413@ngoblr.org	16, MG Road, 4th Block, Bengaluru	Meera Krishnan	+91-9277342090	Social Justice	Clean Water Initiative	Not Applicable	\N	0000000000000000
1417	Shakti Foundation 414	shakti.foundation.414@gmail.com	64, Brigade Road, Sector 5, Bengaluru	Neha Gupta	+91-8120657931	Skill Development	Community Empowerment	Not Applicable	\N	0000000000000000
1418	Sparsh Foundation 415	sparsh.foundation.415@gmail.com	30, Brigade Road, 2nd Main, Bengaluru	Vikram Singh	+91-9812337832	Elderly Care	Disaster Relief Fund	Food Security Program	\N	0000000000000000
1419	Tree Huggers Club 416	tree.huggers.club.416@yahoo.com	26, Brigade Road, Sector 5, Bengaluru	Pooja Arora	+91-7722192604	Elderly Care	Waste Management Program	Food Security Program	\N	0000000000000000
1420	Parivartan NGO 417	parivartan.ngo.417@ngoblr.org	85, Whitefield, Tech Park, Bengaluru	Neha Gupta	+91-7056529406	Skill Development	Clean Water Initiative	Water Harvesting System	\N	0000000000000000
1421	Aarogya India 418	aarogya.india.418@gmail.com	86, Whitefield, 1st Cross, Bengaluru	Manisha Iyer	+91-8649357154	Disaster Relief	Community Empowerment	Renewable Energy Project	\N	0000000000000000
1422	Vidya Daan 419	vidya.daan.419@gmail.com	8, Indiranagar, 1st Cross, Bengaluru	Shweta Rao	+91-8606105852	Disaster Relief	Clean Water Initiative	Tree Plantation and Green Cover Expansion	\N	0000000000000000
1423	Shakti Foundation 420	shakti.foundation.420@outlook.com	28, Koramangala, 1st Cross, Bengaluru	Divya Menon	+91-9674893676	Women Empowerment	Health Awareness Drive	Skill Development Program	\N	0000000000000000
1424	Dream Builders 421	dream.builders.421@yahoo.com	26, Brigade Road, Tech Park, Bengaluru	Arun Pillai	+91-8912510541	Animal Welfare	Tree Plantation Campaign	Skill Development Program	\N	0000000000000000
1425	Parivartan NGO 422	parivartan.ngo.422@yahoo.com	65, Whitefield, 1st Cross, Bengaluru	Sameer Shah	+91-8114888138	Hunger Eradication	Health Awareness Drive	Renewable Energy Project	\N	0000000000000000
1426	Bright Futures Trust 423	bright.futures.trust.423@gmail.com	56, Indiranagar, Tech Park, Bengaluru	Vikram Singh	+91-8185784197	Skill Development	Food Security Program	Tree Plantation and Green Cover Expansion	\N	0000000000000000
1427	Empower India Initiative 424	empower.india.initiative.424@gmail.com	78, Koramangala, 1st Cross, Bengaluru	Meera Krishnan	+91-7537251536	Skill Development	Sanitation and Hygiene Project	Tree Plantation and Green Cover Expansion	\N	0000000000000000
1428	ElderCare Trust 425	eldercare.trust.425@outlook.com	75, Koramangala, 1st Cross, Bengaluru	Meera Krishnan	+91-7104222599	Animal Welfare	Education for All	Educational Outreach Program	\N	0000000000000000
1429	Bright Futures Trust 426	bright.futures.trust.426@ngoblr.org	38, Indiranagar, 1st Cross, Bengaluru	Priya Shetty	+91-9017728027	Hunger Eradication	Tree Plantation Campaign	Educational Outreach Program	\N	0000000000000000
1430	Shakti Foundation 427	shakti.foundation.427@ngoblr.org	80, Koramangala, Sector 5, Bengaluru	Anjali Dubey	+91-8870616938	Animal Welfare	Animal Rescue and Welfare	Tree Plantation and Green Cover Expansion	\N	0000000000000000
1431	Mission Humanity 428	mission.humanity.428@ngoblr.org	76, Indiranagar, 4th Block, Bengaluru	Vikram Singh	+91-7822012470	Skill Development	Clean Water Initiative	Skill Development Program	\N	0000000000000000
1432	Parivartan NGO 429	parivartan.ngo.429@outlook.com	15, MG Road, Tech Park, Bengaluru	Manisha Iyer	+91-8960331357	Hunger Eradication	Health Awareness Drive	Educational Outreach Program	\N	0000000000000000
1433	Jan Shakti Mission 430	jan.shakti.mission.430@ngoblr.org	42, Brigade Road, Tech Park, Bengaluru	Shweta Rao	+91-8926855733	Child Education	Community Empowerment	Construction of Community Center	\N	0000000000000000
1434	Save the Strays 431	save.the.strays.431@gmail.com	9, MG Road, 2nd Main, Bengaluru	Vikram Singh	+91-9676910607	Healthcare Services	Disaster Relief Fund	Water Harvesting System	\N	0000000000000000
1435	Tree Huggers Club 432	tree.huggers.club.432@ngoblr.org	62, MG Road, Sector 5, Bengaluru	Vikram Singh	+91-9095060806	Environmental Conservation	Women Empowerment Project	Educational Outreach Program	\N	0000000000000000
1436	Dream Builders 433	dream.builders.433@gmail.com	5, MG Road, 1st Cross, Bengaluru	Rahul Jain	+91-8307707015	Women Empowerment	Community Empowerment	Renewable Energy Project	\N	0000000000000000
1437	Bright Futures Trust 434	bright.futures.trust.434@yahoo.com	61, MG Road, 2nd Main, Bengaluru	Ramesh Nair	+91-8048076545	Hunger Eradication	Waste Management Program	Renewable Energy Project	\N	0000000000000000
1438	Vidya Daan 435	vidya.daan.435@ngoblr.org	53, Koramangala, 2nd Main, Bengaluru	Anjali Dubey	+91-9907563985	Women Empowerment	Waste Management Program	Renewable Energy Project	\N	0000000000000000
1439	Shakti Foundation 436	shakti.foundation.436@outlook.com	78, Brigade Road, 2nd Main, Bengaluru	Sneha Roy	+91-7817565804	Environmental Conservation	Child Welfare Program	Disaster Relief Operations	\N	0000000000000000
1440	Shakti Foundation 437	shakti.foundation.437@ngoblr.org	50, Koramangala, Sector 5, Bengaluru	Shweta Rao	+91-8269693718	Healthcare Services	Child Welfare Program	Construction of Community Center	\N	0000000000000000
1441	Helping Hands Foundation 438	helping.hands.foundation.438@outlook.com	94, Koramangala, 4th Block, Bengaluru	Amit Joshi	+91-7077836176	Hunger Eradication	Health Awareness Drive	Skill Development Program	\N	0000000000000000
1442	Save the Strays 439	save.the.strays.439@yahoo.com	43, Koramangala, Sector 5, Bengaluru	Priya Shetty	+91-9902423377	Skill Development	Women Empowerment Project	Skill Development Program	\N	0000000000000000
1443	Helping Hands Foundation 440	helping.hands.foundation.440@gmail.com	51, Koramangala, 1st Cross, Bengaluru	Sameer Shah	+91-9876271782	Disaster Relief	Tree Plantation Campaign	Not Applicable	\N	0000000000000000
1444	Smile Foundation 441	smile.foundation.441@outlook.com	19, Whitefield, 4th Block, Bengaluru	Shweta Rao	+91-7002435901	Child Education	Food Security Program	Disaster Relief Operations	\N	0000000000000000
1445	Sahara Trust 442	sahara.trust.442@ngoblr.org	8, Brigade Road, Sector 5, Bengaluru	Divya Menon	+91-7624358024	Women Empowerment	Women Empowerment Project	Not Applicable	\N	0000000000000000
1446	Green Earth Society 443	green.earth.society.443@yahoo.com	18, Koramangala, Sector 5, Bengaluru	Vikram Singh	+91-8750425892	Healthcare Services	Clean Water Initiative	Water Harvesting System	\N	0000000000000000
1447	Shakti Foundation 444	shakti.foundation.444@outlook.com	45, Indiranagar, Sector 5, Bengaluru	Deepak Sinha	+91-9833164009	Hunger Eradication	Clean Water Initiative	Educational Outreach Program	\N	0000000000000000
1448	Sahara Trust 445	sahara.trust.445@ngoblr.org	73, Whitefield, Sector 5, Bengaluru	Priya Shetty	+91-7168579894	Skill Development	Education for All	Educational Outreach Program	\N	0000000000000000
1449	Smile Foundation 446	smile.foundation.446@outlook.com	92, Koramangala, Tech Park, Bengaluru	Vikram Singh	+91-7568104424	Skill Development	Clean Water Initiative	Skill Development Program	\N	0000000000000000
1450	Helping Hands Foundation 447	helping.hands.foundation.447@yahoo.com	72, MG Road, 2nd Main, Bengaluru	Kiran Kumar	+91-8858558568	Hunger Eradication	Waste Management Program	Educational Outreach Program	\N	0000000000000000
1451	Hope for All 448	hope.for.all.448@ngoblr.org	92, Koramangala, 1st Cross, Bengaluru	Anjali Dubey	+91-7493650012	Disaster Relief	Disaster Relief Fund	Tree Plantation and Green Cover Expansion	\N	0000000000000000
1452	Smile Foundation 449	smile.foundation.449@outlook.com	77, Brigade Road, 4th Block, Bengaluru	Sameer Shah	+91-7699675522	Elderly Care	Community Empowerment	Educational Outreach Program	\N	0000000000000000
1453	Helping Hands Foundation 450	helping.hands.foundation.450@outlook.com	23, MG Road, 4th Block, Bengaluru	Sunil Rao	+91-8733182376	Hunger Eradication	Women Empowerment Project	Women Empowerment Workshops	\N	0000000000000000
1454	Green Earth Society 451	green.earth.society.451@yahoo.com	32, Indiranagar, 4th Block, Bengaluru	Sneha Roy	+91-9693466510	Social Justice	Animal Rescue and Welfare	Renewable Energy Project	\N	0000000000000000
1455	Hope for All 452	hope.for.all.452@ngoblr.org	8, Whitefield, Tech Park, Bengaluru	Sameer Shah	+91-7043459502	Animal Welfare	Community Empowerment	Construction of Community Center	\N	0000000000000000
1456	Green Earth Society 453	green.earth.society.453@ngoblr.org	19, MG Road, Sector 5, Bengaluru	Anjali Dubey	+91-8374674252	Environmental Conservation	Community Empowerment	Skill Development Program	\N	0000000000000000
1457	Parivartan NGO 454	parivartan.ngo.454@yahoo.com	7, Koramangala, Tech Park, Bengaluru	Manisha Iyer	+91-8013144405	Child Education	Women Empowerment Project	Renewable Energy Project	\N	0000000000000000
1458	Smile Foundation 455	smile.foundation.455@ngoblr.org	67, Indiranagar, 4th Block, Bengaluru	Deepak Sinha	+91-7169655104	Animal Welfare	Disaster Relief Fund	Health Screening Initiative	\N	0000000000000000
1459	Shakti Foundation 456	shakti.foundation.456@gmail.com	83, MG Road, 4th Block, Bengaluru	Meera Krishnan	+91-9683529354	Disaster Relief	Waste Management Program	Educational Outreach Program	\N	0000000000000000
1460	Helping Hands Foundation 457	helping.hands.foundation.457@outlook.com	15, Brigade Road, Tech Park, Bengaluru	Amit Joshi	+91-8679901665	Hunger Eradication	Child Welfare Program	Renewable Energy Project	\N	0000000000000000
1461	Helping Hands Foundation 458	helping.hands.foundation.458@outlook.com	34, Koramangala, 4th Block, Bengaluru	Shweta Rao	+91-8843082826	Women Empowerment	Tree Plantation Campaign	Women Empowerment Workshops	\N	0000000000000000
1462	Vidya Daan 459	vidya.daan.459@yahoo.com	91, Whitefield, 1st Cross, Bengaluru	Vikram Singh	+91-7660347830	Social Justice	Waste Management Program	Construction of Community Center	\N	0000000000000000
1463	Care & Cure Foundation 460	care.&.cure.foundation.460@outlook.com	37, Indiranagar, 2nd Main, Bengaluru	Anjali Dubey	+91-9127437659	Environmental Conservation	Food Security Program	Tree Plantation and Green Cover Expansion	\N	0000000000000000
1464	Mission Humanity 461	mission.humanity.461@ngoblr.org	94, Brigade Road, Tech Park, Bengaluru	Shweta Rao	+91-8692479773	Elderly Care	Waste Management Program	Tree Plantation and Green Cover Expansion	\N	0000000000000000
1465	ElderCare Trust 462	eldercare.trust.462@outlook.com	15, Indiranagar, 2nd Main, Bengaluru	Rahul Jain	+91-8424917691	Environmental Conservation	Community Empowerment	Educational Outreach Program	\N	0000000000000000
1466	Shakti Foundation 463	shakti.foundation.463@yahoo.com	4, Brigade Road, Tech Park, Bengaluru	Anjali Dubey	+91-9705653055	Healthcare Services	Health Awareness Drive	Construction of Community Center	\N	0000000000000000
1467	Shakti Foundation 464	shakti.foundation.464@ngoblr.org	60, Koramangala, 2nd Main, Bengaluru	Anita Verma	+91-9474460395	Hunger Eradication	Food Security Program	Construction of Community Center	\N	0000000000000000
1468	Bright Futures Trust 465	bright.futures.trust.465@ngoblr.org	64, Koramangala, 4th Block, Bengaluru	Divya Menon	+91-9682045190	Animal Welfare	Sanitation and Hygiene Project	Educational Outreach Program	\N	0000000000000000
1469	Green Earth Society 466	green.earth.society.466@ngoblr.org	82, MG Road, 2nd Main, Bengaluru	Meera Krishnan	+91-8000671626	Animal Welfare	Sanitation and Hygiene Project	Disaster Relief Operations	\N	0000000000000000
1470	Aarogya India 467	aarogya.india.467@ngoblr.org	47, Koramangala, 2nd Main, Bengaluru	Arun Pillai	+91-9006122473	Skill Development	Sanitation and Hygiene Project	Not Applicable	\N	0000000000000000
1471	Parivartan NGO 468	parivartan.ngo.468@ngoblr.org	58, MG Road, 1st Cross, Bengaluru	Amit Joshi	+91-8466081425	Disaster Relief	Clean Water Initiative	Tree Plantation and Green Cover Expansion	\N	0000000000000000
1472	Parivartan NGO 469	parivartan.ngo.469@outlook.com	35, Brigade Road, Tech Park, Bengaluru	Pooja Arora	+91-7788626559	Elderly Care	Disaster Relief Fund	Tree Plantation and Green Cover Expansion	\N	0000000000000000
1473	Helping Hands Foundation 470	helping.hands.foundation.470@yahoo.com	16, Koramangala, Tech Park, Bengaluru	Anjali Dubey	+91-9309269971	Environmental Conservation	Community Empowerment	Renewable Energy Project	\N	0000000000000000
1474	Mission Humanity 471	mission.humanity.471@outlook.com	100, Whitefield, Tech Park, Bengaluru	Shweta Rao	+91-8107702149	Healthcare Services	Community Empowerment	Educational Outreach Program	\N	0000000000000000
1475	Empower India Initiative 472	empower.india.initiative.472@ngoblr.org	61, Indiranagar, Tech Park, Bengaluru	Anjali Dubey	+91-7769044105	Environmental Conservation	Food Security Program	Educational Outreach Program	\N	0000000000000000
1476	Green Earth Society 473	green.earth.society.473@yahoo.com	7, Brigade Road, 2nd Main, Bengaluru	Anita Verma	+91-8610094424	Environmental Conservation	Sanitation and Hygiene Project	Tree Plantation and Green Cover Expansion	\N	0000000000000000
1477	Jan Shakti Mission 474	jan.shakti.mission.474@yahoo.com	3, Koramangala, 4th Block, Bengaluru	Deepak Sinha	+91-7520052537	Disaster Relief	Sanitation and Hygiene Project	Educational Outreach Program	\N	0000000000000000
1478	Bright Futures Trust 475	bright.futures.trust.475@outlook.com	41, Brigade Road, Sector 5, Bengaluru	Rahul Jain	+91-9085793894	Social Justice	Disaster Relief Fund	Renewable Energy Project	\N	0000000000000000
1479	Empower India Initiative 476	empower.india.initiative.476@ngoblr.org	21, MG Road, Tech Park, Bengaluru	Priya Shetty	+91-7619920931	Disaster Relief	Tree Plantation Campaign	Skill Development Program	\N	0000000000000000
1480	Sparsh Foundation 477	sparsh.foundation.477@yahoo.com	39, Indiranagar, Sector 5, Bengaluru	Sameer Shah	+91-8040784851	Disaster Relief	Disaster Relief Fund	Women Empowerment Workshops	\N	0000000000000000
1481	Shakti Foundation 478	shakti.foundation.478@ngoblr.org	78, Indiranagar, Sector 5, Bengaluru	Shweta Rao	+91-8737094091	Disaster Relief	Clean Water Initiative	Skill Development Program	\N	0000000000000000
1482	Annapurna Seva 479	annapurna.seva.479@ngoblr.org	88, Brigade Road, Tech Park, Bengaluru	Vikram Singh	+91-9540607360	Environmental Conservation	Community Empowerment	Skill Development Program	\N	0000000000000000
1483	Annapurna Seva 480	annapurna.seva.480@outlook.com	62, MG Road, 1st Cross, Bengaluru	Anjali Dubey	+91-8436918151	Women Empowerment	Education for All	Food Security Program	\N	0000000000000000
1484	Empower India Initiative 481	empower.india.initiative.481@ngoblr.org	55, Indiranagar, Sector 5, Bengaluru	Vikram Singh	+91-9253143142	Elderly Care	Food Security Program	Disaster Relief Operations	\N	0000000000000000
1485	Annapurna Seva 482	annapurna.seva.482@gmail.com	100, Koramangala, 1st Cross, Bengaluru	Neha Gupta	+91-7505504840	Women Empowerment	Tree Plantation Campaign	Construction of Community Center	\N	0000000000000000
1486	Smile Foundation 483	smile.foundation.483@gmail.com	47, Koramangala, Sector 5, Bengaluru	Amit Joshi	+91-7597084220	Skill Development	Community Empowerment	Tree Plantation and Green Cover Expansion	\N	0000000000000000
1487	Dream Builders 484	dream.builders.484@yahoo.com	74, Indiranagar, 2nd Main, Bengaluru	Manisha Iyer	+91-9609651820	Healthcare Services	Women Empowerment Project	Tree Plantation and Green Cover Expansion	\N	0000000000000000
1488	Parivartan NGO 485	parivartan.ngo.485@yahoo.com	46, Brigade Road, Sector 5, Bengaluru	Priya Shetty	+91-9632798181	Environmental Conservation	Tree Plantation Campaign	Food Security Program	\N	0000000000000000
1489	Smile Foundation 486	smile.foundation.486@yahoo.com	21, Whitefield, Tech Park, Bengaluru	Manisha Iyer	+91-7154038609	Social Justice	Education for All	Not Applicable	\N	0000000000000000
1490	Smile Foundation 487	smile.foundation.487@outlook.com	67, Whitefield, 1st Cross, Bengaluru	Divya Menon	+91-7148706939	Hunger Eradication	Tree Plantation Campaign	Educational Outreach Program	\N	0000000000000000
1491	Green Earth Society 488	green.earth.society.488@yahoo.com	92, Koramangala, 1st Cross, Bengaluru	Meera Krishnan	+91-8487696913	Hunger Eradication	Animal Rescue and Welfare	Skill Development Program	\N	0000000000000000
1492	Sahara Trust 489	sahara.trust.489@ngoblr.org	33, Whitefield, Sector 5, Bengaluru	Amit Joshi	+91-8812714626	Disaster Relief	Food Security Program	Skill Development Program	\N	0000000000000000
1493	Save the Strays 490	save.the.strays.490@ngoblr.org	22, Whitefield, Tech Park, Bengaluru	Sneha Roy	+91-9357591639	Child Education	Animal Rescue and Welfare	Disaster Relief Operations	\N	0000000000000000
1494	Jan Shakti Mission 491	jan.shakti.mission.491@gmail.com	54, Brigade Road, Sector 5, Bengaluru	Vikram Singh	+91-9433789441	Hunger Eradication	Women Empowerment Project	Educational Outreach Program	\N	0000000000000000
1495	Shakti Foundation 492	shakti.foundation.492@yahoo.com	21, Brigade Road, 4th Block, Bengaluru	Rahul Jain	+91-9652522806	Child Education	Animal Rescue and Welfare	Educational Outreach Program	\N	0000000000000000
1496	Hope for All 493	hope.for.all.493@outlook.com	58, Indiranagar, Sector 5, Bengaluru	Divya Menon	+91-7483844305	Disaster Relief	Women Empowerment Project	Food Security Program	\N	0000000000000000
1497	Hope for All 494	hope.for.all.494@outlook.com	62, Indiranagar, Sector 5, Bengaluru	Shweta Rao	+91-7076523752	Healthcare Services	Sanitation and Hygiene Project	Skill Development Program	\N	0000000000000000
1498	Smile Foundation 495	smile.foundation.495@outlook.com	7, Indiranagar, 2nd Main, Bengaluru	Deepak Sinha	+91-9074314600	Animal Welfare	Child Welfare Program	Women Empowerment Workshops	\N	0000000000000000
1499	Parivartan NGO 496	parivartan.ngo.496@outlook.com	41, MG Road, Tech Park, Bengaluru	Sunil Rao	+91-8994913031	Animal Welfare	Education for All	Water Harvesting System	\N	0000000000000000
1500	Empower India Initiative 497	empower.india.initiative.497@outlook.com	10, Indiranagar, 2nd Main, Bengaluru	Divya Menon	+91-9885405933	Healthcare Services	Sanitation and Hygiene Project	Women Empowerment Workshops	\N	0000000000000000
1501	Smile Foundation 498	smile.foundation.498@ngoblr.org	88, MG Road, 2nd Main, Bengaluru	Sameer Shah	+91-8313219396	Elderly Care	Tree Plantation Campaign	Health Screening Initiative	\N	0000000000000000
1502	Empower India Initiative 499	empower.india.initiative.499@yahoo.com	20, Whitefield, Sector 5, Bengaluru	Pooja Arora	+91-7564939420	Social Justice	Education for All	Not Applicable	\N	0000000000000000
1503	Helping Hands Foundation 500	helping.hands.foundation.500@ngoblr.org	7, Whitefield, Tech Park, Bengaluru	Priya Shetty	+91-9742720559	Hunger Eradication	Disaster Relief Fund	Construction of Community Center	\N	0000000000000000
1010	Sahara Trust 7	sahara.trust.7@gmail.com	60, Koramangala, Tech Park, Bengaluru	Rahul Jain	+91-8397561521	Healthcare Services	Child Welfare Program	Disaster Relief Operations	2024-12-08 11:39:13.827479+05:30	1234567887654321
1023	Save the Strays 20	save.the.strays.20@ngoblr.org	49, Brigade Road, Tech Park, Bengaluru	Rajesh Sharma	+91-8342157730	Child Education	Waste Management Program	Educational Outreach Program	\N	4444444444444444
\.


--
-- Data for Name: projects_project; Type: TABLE DATA; Schema: public; Owner: postgres
--

COPY public.projects_project (id, title, "desc", start_date, end_date, status) FROM stdin;
\.


--
-- Data for Name: recommendation_ngodata; Type: TABLE DATA; Schema: public; Owner: postgres
--

COPY public.recommendation_ngodata (ngo_name, address, mobile_number, email, "contact_person ", purpose, id) FROM stdin;
\.


--
-- Data for Name: token_blacklist_blacklistedtoken; Type: TABLE DATA; Schema: public; Owner: postgres
--

COPY public.token_blacklist_blacklistedtoken (id, blacklisted_at, token_id) FROM stdin;
1	2024-12-04 12:13:19.749579+05:30	3
2	2024-12-04 21:24:47.62082+05:30	21
3	2024-12-04 21:25:58.224049+05:30	22
4	2024-12-04 23:14:11.863609+05:30	24
5	2024-12-05 20:36:48.2754+05:30	25
6	2024-12-07 11:18:20.130787+05:30	69
7	2024-12-08 11:27:25.174121+05:30	71
8	2024-12-09 00:38:46.732642+05:30	88
9	2024-12-09 00:40:51.133831+05:30	89
10	2024-12-09 01:07:24.087573+05:30	90
11	2024-12-09 01:11:20.129638+05:30	91
12	2024-12-09 01:14:47.138109+05:30	92
\.


--
-- Data for Name: token_blacklist_outstandingtoken; Type: TABLE DATA; Schema: public; Owner: postgres
--

COPY public.token_blacklist_outstandingtoken (id, token, created_at, expires_at, user_id, jti) FROM stdin;
1	eyJhbGciOiJIUzI1NiIsInR5cCI6IkpXVCJ9.eyJ0b2tlbl90eXBlIjoicmVmcmVzaCIsImV4cCI6MTczMzM4MDgyOSwiaWF0IjoxNzMzMjk0NDI5LCJqdGkiOiJkYTY3ODFlZTkxOTU0OGZmYTQyMjFjMDg1MDMyNTA3OSIsInVzZXJfaWQiOjEwfQ.A6JBacrCVfdlVQtggOKudcF1mBm9H1LM6TzlDM1c7cQ	2024-12-04 12:10:29.778184+05:30	2024-12-05 12:10:29+05:30	10	da6781ee919548ffa4221c0850325079
3	eyJhbGciOiJIUzI1NiIsInR5cCI6IkpXVCJ9.eyJ0b2tlbl90eXBlIjoicmVmcmVzaCIsImV4cCI6MTczMzM4MDgyOSwiaWF0IjoxNzMzMjk0NDI5LCJqdGkiOiJkYTY3ODFlZTkxOTU0OGZmYTQyMjFjMDg1MDMyNTA3OSIsInVzZXJfaWQiOjEwfQ.A6JBacrCVfdlVQtggOKudcF1mBm9H1LM6TzlDM1c7cQ	\N	2024-12-05 17:40:29+05:30	\N	
4	eyJhbGciOiJIUzI1NiIsInR5cCI6IkpXVCJ9.eyJ0b2tlbl90eXBlIjoicmVmcmVzaCIsImV4cCI6MTczMzM4MTAxOSwiaWF0IjoxNzMzMjk0NjE5LCJqdGkiOiI4ZTQ2YTc5MDdkMTc0ZTk1ODYzZTVmNzRmMzUwMGMyNSIsInVzZXJfaWQiOjEwfQ.SmnGG5P3faXnv7vbUwXf3ZCd3zCkr-oN39TNQ6FMiXE	2024-12-04 12:13:39.219663+05:30	2024-12-05 12:13:39+05:30	10	8e46a7907d174e95863e5f74f3500c25
6	eyJhbGciOiJIUzI1NiIsInR5cCI6IkpXVCJ9.eyJ0b2tlbl90eXBlIjoicmVmcmVzaCIsImV4cCI6MTczMzM4MjA4NiwiaWF0IjoxNzMzMjk1Njg2LCJqdGkiOiIxYmJjNWU2YjZmMmU0NmFjOTQzOWI4MDJiOTFkNTUwZiIsInVzZXJfaWQiOjEwfQ.s6Qhv0tYSwTV3oqqnenvqsvhuaVl7P-7g2YwiDeKMtY	2024-12-04 12:31:26.108007+05:30	2024-12-05 12:31:26+05:30	10	1bbc5e6b6f2e46ac9439b802b91d550f
7	eyJhbGciOiJIUzI1NiIsInR5cCI6IkpXVCJ9.eyJ0b2tlbl90eXBlIjoicmVmcmVzaCIsImV4cCI6MTczMzM4MjQ5OCwiaWF0IjoxNzMzMjk2MDk4LCJqdGkiOiIxNWI5YWU0ZjAwNjI0M2M4YjY5OTI1NzI1ODkzZTYzYiIsInVzZXJfaWQiOjEwfQ.3kQzzsDRtqOD1oxQoM01PEK3XBj--bSxwK5gntBA-D0	2024-12-04 12:38:18.107037+05:30	2024-12-05 12:38:18+05:30	10	15b9ae4f006243c8b69925725893e63b
8	eyJhbGciOiJIUzI1NiIsInR5cCI6IkpXVCJ9.eyJ0b2tlbl90eXBlIjoicmVmcmVzaCIsImV4cCI6MTczMzM4MzA4NSwiaWF0IjoxNzMzMjk2Njg1LCJqdGkiOiJiYWYwNTc2OWQyMzM0MWVkYWNkYzliYzFjZjMzZDJhNSIsInVzZXJfaWQiOjEwfQ.wLm6m9udqS9M5og1kROUS8AQzrtoz2AWbf8rTIQXZlw	2024-12-04 12:48:05.895581+05:30	2024-12-05 12:48:05+05:30	10	baf05769d23341edacdc9bc1cf33d2a5
9	eyJhbGciOiJIUzI1NiIsInR5cCI6IkpXVCJ9.eyJ0b2tlbl90eXBlIjoicmVmcmVzaCIsImV4cCI6MTczMzM4NjAyMCwiaWF0IjoxNzMzMjk5NjIwLCJqdGkiOiJjMjY1ZTljNWJhNjA0ZGMxODU3NjNjMzBkNmVhYzZkNSIsInVzZXJfaWQiOjl9.BHTm5EqhTdEEl6PV0AyXM7sooKj6o2C5YIA4nfAVOis	2024-12-04 13:37:00.484784+05:30	2024-12-05 13:37:00+05:30	9	c265e9c5ba604dc185763c30d6eac6d5
10	eyJhbGciOiJIUzI1NiIsInR5cCI6IkpXVCJ9.eyJ0b2tlbl90eXBlIjoicmVmcmVzaCIsImV4cCI6MTczMzM4NjMxOSwiaWF0IjoxNzMzMjk5OTE5LCJqdGkiOiJkYTVlOGI1MDgxYzg0NzA2OGFlMzIxMzA5ZGYwMGMxNiIsInVzZXJfaWQiOjl9.yP0CtSmOSaB3_DElNgpXcTS95aXYqflk61AQtmk8m4E	2024-12-04 13:41:59.320634+05:30	2024-12-05 13:41:59+05:30	9	da5e8b5081c847068ae321309df00c16
11	eyJhbGciOiJIUzI1NiIsInR5cCI6IkpXVCJ9.eyJ0b2tlbl90eXBlIjoicmVmcmVzaCIsImV4cCI6MTczMzM4NjQxMywiaWF0IjoxNzMzMzAwMDEzLCJqdGkiOiJmMjExNjFjY2JhY2Y0NzNlOWE2OGE4N2FhODlmN2Y4MiIsInVzZXJfaWQiOjEwfQ.SM30YYSt3QJjfYkJu0Y33ZthuHwEGEAvZtekBfz5iwc	2024-12-04 13:43:33.502934+05:30	2024-12-05 13:43:33+05:30	10	f21161ccbacf473e9a68a87aa89f7f82
12	eyJhbGciOiJIUzI1NiIsInR5cCI6IkpXVCJ9.eyJ0b2tlbl90eXBlIjoicmVmcmVzaCIsImV4cCI6MTczMzM4NjUxMywiaWF0IjoxNzMzMzAwMTEzLCJqdGkiOiI4MjYyZDdkODE2ZDc0Yjk3ODZiYTcwMzdkNjIxZTNmMCIsInVzZXJfaWQiOjEwfQ.vDT-secv5pbbrT1gO_XNTDLf3hayU8rgtfMkpnevwfA	2024-12-04 13:45:13.627816+05:30	2024-12-05 13:45:13+05:30	10	8262d7d816d74b9786ba7037d621e3f0
13	eyJhbGciOiJIUzI1NiIsInR5cCI6IkpXVCJ9.eyJ0b2tlbl90eXBlIjoicmVmcmVzaCIsImV4cCI6MTczMzM4NjU3MywiaWF0IjoxNzMzMzAwMTczLCJqdGkiOiI1MmUzMGUxMjVhMTc0N2QyYjkwN2FmOTc2NWY3MDU3OCIsInVzZXJfaWQiOjl9.weDpBqxcRC5UwBAG6wggev9Wy71p841H7N90Q-I6-ys	2024-12-04 13:46:13.289822+05:30	2024-12-05 13:46:13+05:30	9	52e30e125a1747d2b907af9765f70578
14	eyJhbGciOiJIUzI1NiIsInR5cCI6IkpXVCJ9.eyJ0b2tlbl90eXBlIjoicmVmcmVzaCIsImV4cCI6MTczMzM4NzkzMCwiaWF0IjoxNzMzMzAxNTMwLCJqdGkiOiIwMTAzMjYyM2ZmZmU0MmEyYWM0MDQ0YzRlOWM2MzcxZiIsInVzZXJfaWQiOjEwfQ.3lVqQ9EjIubh0_xChW5BKGT_PraTMwIdrlxKpjIhKB8	2024-12-04 14:08:50.203303+05:30	2024-12-05 14:08:50+05:30	10	01032623fffe42a2ac4044c4e9c6371f
15	eyJhbGciOiJIUzI1NiIsInR5cCI6IkpXVCJ9.eyJ0b2tlbl90eXBlIjoicmVmcmVzaCIsImV4cCI6MTczMzM4NzkzMSwiaWF0IjoxNzMzMzAxNTMxLCJqdGkiOiI5NDdiOGUzMjI5Mzk0MzdkYmYxODdlZWJjNTVkMDIzNSIsInVzZXJfaWQiOjEwfQ.g2CzqiNd0kKt6eIK4Ae5tZCLGGixvhDEGNc9kaknN4U	2024-12-04 14:08:51.723909+05:30	2024-12-05 14:08:51+05:30	10	947b8e322939437dbf187eebc55d0235
16	eyJhbGciOiJIUzI1NiIsInR5cCI6IkpXVCJ9.eyJ0b2tlbl90eXBlIjoicmVmcmVzaCIsImV4cCI6MTczMzQxMDc5NSwiaWF0IjoxNzMzMzI0Mzk1LCJqdGkiOiJhMTBjMDBkYjZhNjY0NWQ5YmNkNjk3ZDUxMWI4ODllMSIsInVzZXJfaWQiOjExfQ.UB92rQt-5xevEE7vAza-zz9URMVt_WlC7bPt7sQZgJ4	2024-12-04 20:29:55.934912+05:30	2024-12-05 20:29:55+05:30	11	a10c00db6a6645d9bcd697d511b889e1
17	eyJhbGciOiJIUzI1NiIsInR5cCI6IkpXVCJ9.eyJ0b2tlbl90eXBlIjoicmVmcmVzaCIsImV4cCI6MTczMzQxMTIwNSwiaWF0IjoxNzMzMzI0ODA1LCJqdGkiOiI1MDMwODk1NWIwN2Q0NjM0YjkyZDUwYmZhM2ExYTY5MiIsInVzZXJfaWQiOjExfQ.SI9q7MHd_bqS5ZmQwHf1Aw063a_0TtLg_G1u0NVzwkw	2024-12-04 20:36:45.606956+05:30	2024-12-05 20:36:45+05:30	11	50308955b07d4634b92d50bfa3a1a692
18	eyJhbGciOiJIUzI1NiIsInR5cCI6IkpXVCJ9.eyJ0b2tlbl90eXBlIjoicmVmcmVzaCIsImV4cCI6MTczMzQxMTgxOSwiaWF0IjoxNzMzMzI1NDE5LCJqdGkiOiI1Nzc0MjZmNGI0ZmQ0YjNmOTA0MmYxZTQyMzdlZDg5MCIsInVzZXJfaWQiOjExfQ.w46ZXSeRtg92Kb55RKrYBTE46k0wb_-m3-xUaqN_6tg	2024-12-04 20:46:59.047877+05:30	2024-12-05 20:46:59+05:30	11	577426f4b4fd4b3f9042f1e4237ed890
19	eyJhbGciOiJIUzI1NiIsInR5cCI6IkpXVCJ9.eyJ0b2tlbl90eXBlIjoicmVmcmVzaCIsImV4cCI6MTczMzQxMjUyOSwiaWF0IjoxNzMzMzI2MTI5LCJqdGkiOiIzZTVkZDJlMTA5MDc0MTliYWI5MzQ3ZWU5MGU4YzY1ZSIsInVzZXJfaWQiOjExfQ.n1VXeZx4CXpKylVOBgxJHxHefZSO81rcgfIG3gir0mo	2024-12-04 20:58:49.672244+05:30	2024-12-05 20:58:49+05:30	11	3e5dd2e10907419bab9347ee90e8c65e
20	eyJhbGciOiJIUzI1NiIsInR5cCI6IkpXVCJ9.eyJ0b2tlbl90eXBlIjoicmVmcmVzaCIsImV4cCI6MTczMzQxMzM3MSwiaWF0IjoxNzMzMzI2OTcxLCJqdGkiOiIwOGVmZjc0YWFkZTQ0ZGIzYmY3M2M3YzExODBkZDkxZSIsInVzZXJfaWQiOjEwfQ.vYfoP2qSvJgYjlzKG0hWYr7RI2p4xQEJiHp1vaz9T0E	2024-12-04 21:12:51.457752+05:30	2024-12-05 21:12:51+05:30	10	08eff74aade44db3bf73c7c1180dd91e
21	eyJhbGciOiJIUzI1NiIsInR5cCI6IkpXVCJ9.eyJ0b2tlbl90eXBlIjoicmVmcmVzaCIsImV4cCI6MTczMzQxNDA4MCwiaWF0IjoxNzMzMzI3NjgwLCJqdGkiOiIxOTkyZTY1MjkzMTU0NWUzOTMyMzhjMWUxZWEzY2JiOCIsInVzZXJfaWQiOjEwfQ.n1EnoNWbWjk53C5JAVu7t9qKzvcQhyOz_o6M6G3OIkk	2024-12-04 21:24:40.643996+05:30	2024-12-05 21:24:40+05:30	10	1992e652931545e393238c1e1ea3cbb8
22	eyJhbGciOiJIUzI1NiIsInR5cCI6IkpXVCJ9.eyJ0b2tlbl90eXBlIjoicmVmcmVzaCIsImV4cCI6MTczMzQxNDExNiwiaWF0IjoxNzMzMzI3NzE2LCJqdGkiOiIwODEyNWI0NWU0YzI0MWI5YmY3ZWNlNWM0M2VjYjk5NiIsInVzZXJfaWQiOjEwfQ.vLV77efoSUsVyWLnXLV4y5l7gKeKYUx2oSOJcpsbE4E	2024-12-04 21:25:16.990403+05:30	2024-12-05 21:25:16+05:30	10	08125b45e4c241b9bf7ece5c43ecb996
23	eyJhbGciOiJIUzI1NiIsInR5cCI6IkpXVCJ9.eyJ0b2tlbl90eXBlIjoicmVmcmVzaCIsImV4cCI6MTczMzQxODk4NywiaWF0IjoxNzMzMzMyNTg3LCJqdGkiOiJmMGIyOWUxZWQzZTg0Y2YxYjkzYTdlOTBkOTRiNWI1ZCIsInVzZXJfaWQiOjEyfQ.tuBcqzNZ4breBKUD1YnmYyHyg4Xp8ieKNKu_cI9zdG8	2024-12-04 22:46:27.055406+05:30	2024-12-05 22:46:27+05:30	12	f0b29e1ed3e84cf1b93a7e90d94b5b5d
24	eyJhbGciOiJIUzI1NiIsInR5cCI6IkpXVCJ9.eyJ0b2tlbl90eXBlIjoicmVmcmVzaCIsImV4cCI6MTczMzQxOTk5OSwiaWF0IjoxNzMzMzMzNTk5LCJqdGkiOiJmZjYyNmM1MTU0MzY0NzFlYmViZWU5MTM0NTFiNTVkNyIsInVzZXJfaWQiOjEyfQ.W5mawvzV2EqNaXR8LlvrWbN0T9KLsXrPugZhSFReYi0	2024-12-04 23:03:19.292836+05:30	2024-12-05 23:03:19+05:30	12	ff626c515436471ebebee913451b55d7
25	eyJhbGciOiJIUzI1NiIsInR5cCI6IkpXVCJ9.eyJ0b2tlbl90eXBlIjoicmVmcmVzaCIsImV4cCI6MTczMzQ5NzQ5NSwiaWF0IjoxNzMzNDExMDk1LCJqdGkiOiIzNDNiZTUzMDY0NzU0NmFlYTllZWZkOWQ0YWExOWU0NyIsInVzZXJfaWQiOjEyfQ.HMCW0dr41uBJYGX-EopzIB2u-hEJZE62h-89wZN7_58	2024-12-05 20:34:55.591581+05:30	2024-12-06 20:34:55+05:30	12	343be530647546aea9eefd9d4aa19e47
26	eyJhbGciOiJIUzI1NiIsInR5cCI6IkpXVCJ9.eyJ0b2tlbl90eXBlIjoicmVmcmVzaCIsImV4cCI6MTczMzQ5ODIwNywiaWF0IjoxNzMzNDExODA3LCJqdGkiOiIyN2I2YWM5M2NmNzc0MDQ5YWRjYmFhMjc5N2Y4YmY5YSIsInVzZXJfaWQiOjEyfQ.mmnSorN0374ZMKuo4FfN_BLfJ7tFzFVMLKuE73zE5eU	2024-12-05 20:46:47.568043+05:30	2024-12-06 20:46:47+05:30	12	27b6ac93cf774049adcbaa2797f8bf9a
27	eyJhbGciOiJIUzI1NiIsInR5cCI6IkpXVCJ9.eyJ0b2tlbl90eXBlIjoicmVmcmVzaCIsImV4cCI6MTczMzUwMTA1MSwiaWF0IjoxNzMzNDE0NjUxLCJqdGkiOiI1MDViNmNiZThjNjQ0NGFjOTc0NTRjOTkyYWZkNDliMiIsInVzZXJfaWQiOjEyfQ.fvjR17RVsJ6s-4eQj0Bjbd3TS75yHUuiislgqr4F8zc	2024-12-05 21:34:11.043465+05:30	2024-12-06 21:34:11+05:30	12	505b6cbe8c6444ac97454c992afd49b2
28	eyJhbGciOiJIUzI1NiIsInR5cCI6IkpXVCJ9.eyJ0b2tlbl90eXBlIjoicmVmcmVzaCIsImV4cCI6MTczMzUwMTE3MywiaWF0IjoxNzMzNDE0NzczLCJqdGkiOiI4NmVkYTE3NjI2Nzg0NGEyYjgxNGU2NDEwOTk1YTQ5YiIsInVzZXJfaWQiOjEyfQ.uUCySe9rF4RBWnMPM903NFFiPU7fb-qwxC2d3S6zM7I	2024-12-05 21:36:13.571956+05:30	2024-12-06 21:36:13+05:30	12	86eda176267844a2b814e6410995a49b
29	eyJhbGciOiJIUzI1NiIsInR5cCI6IkpXVCJ9.eyJ0b2tlbl90eXBlIjoicmVmcmVzaCIsImV4cCI6MTczMzUwMTUxNCwiaWF0IjoxNzMzNDE1MTE0LCJqdGkiOiIyZjdkNmMyNjhiMmU0OWRkYjZkYzRmZWFjMmIwYmFhZCIsInVzZXJfaWQiOjEyfQ.-_C4iIOgUVZ1JWhcnxzUREOYMKiUvThqyk09ATie8gQ	2024-12-05 21:41:54.676684+05:30	2024-12-06 21:41:54+05:30	12	2f7d6c268b2e49ddb6dc4feac2b0baad
30	eyJhbGciOiJIUzI1NiIsInR5cCI6IkpXVCJ9.eyJ0b2tlbl90eXBlIjoicmVmcmVzaCIsImV4cCI6MTczMzUwMTU3NywiaWF0IjoxNzMzNDE1MTc3LCJqdGkiOiJjMWRkMWM0YzZlMDY0OGIxYmNmNTk4ZTYxMTBiNGFmNyIsInVzZXJfaWQiOjEyfQ.CtedG7GyqmlNUevh3v7Dgb6_i7NOwdTuftiQ8hjnrQw	2024-12-05 21:42:57.028618+05:30	2024-12-06 21:42:57+05:30	12	c1dd1c4c6e0648b1bcf598e6110b4af7
31	eyJhbGciOiJIUzI1NiIsInR5cCI6IkpXVCJ9.eyJ0b2tlbl90eXBlIjoicmVmcmVzaCIsImV4cCI6MTczMzUwMTYxOCwiaWF0IjoxNzMzNDE1MjE4LCJqdGkiOiIwY2JhZGI5YTVkNmY0NGY1YTA4NTdiMzJhY2Q4MmZiZiIsInVzZXJfaWQiOjEyfQ.5Q4OBy2n3b6FDKKiaD_eyNbl9jtH6XMXk4L54OBJ8O8	2024-12-05 21:43:38.793181+05:30	2024-12-06 21:43:38+05:30	12	0cbadb9a5d6f44f5a0857b32acd82fbf
32	eyJhbGciOiJIUzI1NiIsInR5cCI6IkpXVCJ9.eyJ0b2tlbl90eXBlIjoicmVmcmVzaCIsImV4cCI6MTczMzUwMTcwNSwiaWF0IjoxNzMzNDE1MzA1LCJqdGkiOiIzMTBkN2MwNTIwMTA0ZWQ4ODUzMTA3YjhiZmNiM2ZkNSIsInVzZXJfaWQiOjEyfQ.EN119fiYaEHJH1kThY2Zr-gWL7vjyFfYGJMhPnrQlQY	2024-12-05 21:45:05.189847+05:30	2024-12-06 21:45:05+05:30	12	310d7c0520104ed8853107b8bfcb3fd5
33	eyJhbGciOiJIUzI1NiIsInR5cCI6IkpXVCJ9.eyJ0b2tlbl90eXBlIjoicmVmcmVzaCIsImV4cCI6MTczMzUwMTc3OSwiaWF0IjoxNzMzNDE1Mzc5LCJqdGkiOiIwZWYzZTJlNTJjMzE0YjM4YmQ2NDAxOTUyY2QyMjE3MSIsInVzZXJfaWQiOjEyfQ.xfA1hEthJdPJT3-Q5h5e9nUQ2vQdpvhnDo4hMNnxYYA	2024-12-05 21:46:19.420716+05:30	2024-12-06 21:46:19+05:30	12	0ef3e2e52c314b38bd6401952cd22171
34	eyJhbGciOiJIUzI1NiIsInR5cCI6IkpXVCJ9.eyJ0b2tlbl90eXBlIjoicmVmcmVzaCIsImV4cCI6MTczMzUwMTg5MCwiaWF0IjoxNzMzNDE1NDkwLCJqdGkiOiIxMmFiZWU5M2IyOTM0MmM3OWMwOGU0ZjA3NDY2MWU3OSIsInVzZXJfaWQiOjEyfQ.nWmbl9GIkIFRwOSUMZ0AaAns9vbEBF-GKOmGMVKRdB0	2024-12-05 21:48:10.737626+05:30	2024-12-06 21:48:10+05:30	12	12abee93b29342c79c08e4f074661e79
35	eyJhbGciOiJIUzI1NiIsInR5cCI6IkpXVCJ9.eyJ0b2tlbl90eXBlIjoicmVmcmVzaCIsImV4cCI6MTczMzUwMjIyNiwiaWF0IjoxNzMzNDE1ODI2LCJqdGkiOiIxODQ4NGNkZGZmMTE0ZTIwODliZGQwYmJjNDMwNDc5MyIsInVzZXJfaWQiOjEyfQ.ArmKoq0GcFXgg5PY4i2MuGqALCMzvs--ETjXSfCte0w	2024-12-05 21:53:46.504454+05:30	2024-12-06 21:53:46+05:30	12	18484cddff114e2089bdd0bbc4304793
36	eyJhbGciOiJIUzI1NiIsInR5cCI6IkpXVCJ9.eyJ0b2tlbl90eXBlIjoicmVmcmVzaCIsImV4cCI6MTczMzUwMjY5MCwiaWF0IjoxNzMzNDE2MjkwLCJqdGkiOiJhMTc3NDg5YzczYmY0YjllODExYzQyNzYzNDRjNmIzYyIsInVzZXJfaWQiOjEyfQ.UFod9a812jzgbT-ac2zuvACxmI2toGTwKyNpETm_XDw	2024-12-05 22:01:30.440712+05:30	2024-12-06 22:01:30+05:30	12	a177489c73bf4b9e811c4276344c6b3c
37	eyJhbGciOiJIUzI1NiIsInR5cCI6IkpXVCJ9.eyJ0b2tlbl90eXBlIjoicmVmcmVzaCIsImV4cCI6MTczMzUwMjg1MywiaWF0IjoxNzMzNDE2NDUzLCJqdGkiOiIzOTcwOGUxMmI2ZmE0MWQ4OTdjNjMxYWUyNjVkMTMzYyIsInVzZXJfaWQiOjEyfQ.FWPbGA9k1sxLy5GPt1afIr-B0vFwoeN30xypIWFsihM	2024-12-05 22:04:13.731799+05:30	2024-12-06 22:04:13+05:30	12	39708e12b6fa41d897c631ae265d133c
38	eyJhbGciOiJIUzI1NiIsInR5cCI6IkpXVCJ9.eyJ0b2tlbl90eXBlIjoicmVmcmVzaCIsImV4cCI6MTczMzUwMzI3MiwiaWF0IjoxNzMzNDE2ODcyLCJqdGkiOiIxNTE1MWM2MGQ1YzQ0ZWU1OWM2NjlmOTM0ZWU0MTMyYiIsInVzZXJfaWQiOjEyfQ.J2vQIMQyebHeRsTNw6nAx5bMAbDBa1I4UJoyxu6PAoI	2024-12-05 22:11:12.456816+05:30	2024-12-06 22:11:12+05:30	12	15151c60d5c44ee59c669f934ee4132b
39	eyJhbGciOiJIUzI1NiIsInR5cCI6IkpXVCJ9.eyJ0b2tlbl90eXBlIjoicmVmcmVzaCIsImV4cCI6MTczMzUwMzQ4MSwiaWF0IjoxNzMzNDE3MDgxLCJqdGkiOiJkYTQ5YjEwNzE2ZTI0NDkwOGRhN2JlMTg1YWI1YmI1NyIsInVzZXJfaWQiOjEyfQ.Tsl28BpsqNX1PQGDaNO6_L4JXY1jwVhKANa5t-tlio0	2024-12-05 22:14:41.445348+05:30	2024-12-06 22:14:41+05:30	12	da49b10716e244908da7be185ab5bb57
40	eyJhbGciOiJIUzI1NiIsInR5cCI6IkpXVCJ9.eyJ0b2tlbl90eXBlIjoicmVmcmVzaCIsImV4cCI6MTczMzUwMzU5NSwiaWF0IjoxNzMzNDE3MTk1LCJqdGkiOiIyMGE3NjQzMThjNmQ0ZjMyYWUwNDI0MGU2NjFkMDZhMCIsInVzZXJfaWQiOjEyfQ.gmosUrISv17tOFVjdPvqYh8ec8BgTbgy0k4UIeKeAls	2024-12-05 22:16:35.642701+05:30	2024-12-06 22:16:35+05:30	12	20a764318c6d4f32ae04240e661d06a0
41	eyJhbGciOiJIUzI1NiIsInR5cCI6IkpXVCJ9.eyJ0b2tlbl90eXBlIjoicmVmcmVzaCIsImV4cCI6MTczMzUwNDE2NCwiaWF0IjoxNzMzNDE3NzY0LCJqdGkiOiI1ZTM3OWJmZTdmM2M0MzI0YjEwMjBiNzE1ZmRmOGRkNyIsInVzZXJfaWQiOjEyfQ.kPU4b0JmBi4FeWuP3YxnNmpfuryCE0Ae4sUMMqM7tZI	2024-12-05 22:26:04.299058+05:30	2024-12-06 22:26:04+05:30	12	5e379bfe7f3c4324b1020b715fdf8dd7
42	eyJhbGciOiJIUzI1NiIsInR5cCI6IkpXVCJ9.eyJ0b2tlbl90eXBlIjoicmVmcmVzaCIsImV4cCI6MTczMzUwNDMxMywiaWF0IjoxNzMzNDE3OTEzLCJqdGkiOiJlMmRjY2FmYjNkZDE0YzRjOTU3NjNkODgxMmI1ZjFjZCIsInVzZXJfaWQiOjEyfQ.slHBOpBgPkjP0USiltdQXds8fkrApLNug0cuIxv9IX0	2024-12-05 22:28:33.840412+05:30	2024-12-06 22:28:33+05:30	12	e2dccafb3dd14c4c95763d8812b5f1cd
43	eyJhbGciOiJIUzI1NiIsInR5cCI6IkpXVCJ9.eyJ0b2tlbl90eXBlIjoicmVmcmVzaCIsImV4cCI6MTczMzUwNDcwMCwiaWF0IjoxNzMzNDE4MzAwLCJqdGkiOiJmMTlhZjNhNWFkZTA0MDYzODhmYWEyMzgwYmY1NGZlNyIsInVzZXJfaWQiOjEyfQ.aL1yAk_JG1DQkzo5UF4M5ZzagwN0sdjcHcws1JN-9Jo	2024-12-05 22:35:00.269585+05:30	2024-12-06 22:35:00+05:30	12	f19af3a5ade0406388faa2380bf54fe7
44	eyJhbGciOiJIUzI1NiIsInR5cCI6IkpXVCJ9.eyJ0b2tlbl90eXBlIjoicmVmcmVzaCIsImV4cCI6MTczMzUwNTEwMywiaWF0IjoxNzMzNDE4NzAzLCJqdGkiOiI5Mzk3NWM2M2E3YjA0ODdiODA4MGU4NTM1MzMwZmVkMyIsInVzZXJfaWQiOjEyfQ.gjmQcaLVvFsek9kEWA-wCKmFyuOBggUW9EwEel4Avsg	2024-12-05 22:41:43.033234+05:30	2024-12-06 22:41:43+05:30	12	93975c63a7b0487b8080e8535330fed3
45	eyJhbGciOiJIUzI1NiIsInR5cCI6IkpXVCJ9.eyJ0b2tlbl90eXBlIjoicmVmcmVzaCIsImV4cCI6MTczMzUwNTI0NCwiaWF0IjoxNzMzNDE4ODQ0LCJqdGkiOiJiNzU0YjM1M2QyY2Q0NjVmYWRlMzlmNThhYjdkMjcxZCIsInVzZXJfaWQiOjEyfQ.MW0YZsFBy5fQnQEDT48St36JAdn-i69B6sm1kymv2Ss	2024-12-05 22:44:04.805761+05:30	2024-12-06 22:44:04+05:30	12	b754b353d2cd465fade39f58ab7d271d
46	eyJhbGciOiJIUzI1NiIsInR5cCI6IkpXVCJ9.eyJ0b2tlbl90eXBlIjoicmVmcmVzaCIsImV4cCI6MTczMzUwNTMwOCwiaWF0IjoxNzMzNDE4OTA4LCJqdGkiOiJjMmQzNjE4MTNkNjk0YjllYWM4OTBjYmE0MWYzYzYyMSIsInVzZXJfaWQiOjEyfQ.d8hKm66xJZ4iw1nlkoWHCagbSQmDv8p0Oc3oR2daJFM	2024-12-05 22:45:08.041485+05:30	2024-12-06 22:45:08+05:30	12	c2d361813d694b9eac890cba41f3c621
47	eyJhbGciOiJIUzI1NiIsInR5cCI6IkpXVCJ9.eyJ0b2tlbl90eXBlIjoicmVmcmVzaCIsImV4cCI6MTczMzUwNTQwNSwiaWF0IjoxNzMzNDE5MDA1LCJqdGkiOiJkMDE0ZTc0NGY0YzA0YjQyOWE4Zjk0OTM0ZDg5ZDA0NSIsInVzZXJfaWQiOjEyfQ.S2-XZXvWWeQqhaD6uRxrYLO21wjutYvkxKZuTE-gWJ4	2024-12-05 22:46:45.609476+05:30	2024-12-06 22:46:45+05:30	12	d014e744f4c04b429a8f94934d89d045
48	eyJhbGciOiJIUzI1NiIsInR5cCI6IkpXVCJ9.eyJ0b2tlbl90eXBlIjoicmVmcmVzaCIsImV4cCI6MTczMzU1MzQwOSwiaWF0IjoxNzMzNDY3MDA5LCJqdGkiOiJkZDMzZmYxMTBhZjU0Mjc3OThmZTVjNWQwOTJlYWJhYiIsInVzZXJfaWQiOjEyfQ.tnW3jiEu3wWRKr98drrGiDQmgMp4O0XktH-sY2hkf3Q	2024-12-06 12:06:49.439456+05:30	2024-12-07 12:06:49+05:30	12	dd33ff110af5427798fe5c5d092eabab
49	eyJhbGciOiJIUzI1NiIsInR5cCI6IkpXVCJ9.eyJ0b2tlbl90eXBlIjoicmVmcmVzaCIsImV4cCI6MTczMzU1MzU0OSwiaWF0IjoxNzMzNDY3MTQ5LCJqdGkiOiIyZjFkNTA5NTVhMGU0MWNkYTBlOWY5OWY0NTQyNTlkMSIsInVzZXJfaWQiOjEyfQ.sLq64Dmh-yGGDBjh0dGVg6BiMGe8oF9_TRBzjdmwWOM	2024-12-06 12:09:09.414429+05:30	2024-12-07 12:09:09+05:30	12	2f1d50955a0e41cda0e9f99f454259d1
50	eyJhbGciOiJIUzI1NiIsInR5cCI6IkpXVCJ9.eyJ0b2tlbl90eXBlIjoicmVmcmVzaCIsImV4cCI6MTczMzU1NDAyOSwiaWF0IjoxNzMzNDY3NjI5LCJqdGkiOiI2ZGMxZjY0N2Y4ODg0OTA1YmRkZjVjMzk4MDU2MGJlZCIsInVzZXJfaWQiOjEyfQ.rG9aRqdEETi0l-I2TZ7mqqLmpH6-DAHyOQJ4CdgYGC0	2024-12-06 12:17:09.878695+05:30	2024-12-07 12:17:09+05:30	12	6dc1f647f8884905bddf5c3980560bed
51	eyJhbGciOiJIUzI1NiIsInR5cCI6IkpXVCJ9.eyJ0b2tlbl90eXBlIjoicmVmcmVzaCIsImV4cCI6MTczMzU1NTA5NCwiaWF0IjoxNzMzNDY4Njk0LCJqdGkiOiI4OThkOWFhYmM4NDM0MmI2ODdhOTU2ZDZkNmFhMzIzZCIsInVzZXJfaWQiOjEyfQ.30FM7LE9iRj35dKiw3f17KkSh0eylMWv4eC6Zp_IhY4	2024-12-06 12:34:54.514689+05:30	2024-12-07 12:34:54+05:30	12	898d9aabc84342b687a956d6d6aa323d
52	eyJhbGciOiJIUzI1NiIsInR5cCI6IkpXVCJ9.eyJ0b2tlbl90eXBlIjoicmVmcmVzaCIsImV4cCI6MTczMzU1NTIxOSwiaWF0IjoxNzMzNDY4ODE5LCJqdGkiOiIwMWE2MDlmZjk5NDQ0ZGYyODc2M2JjMTFmOTZjZTVkZCIsInVzZXJfaWQiOjEyfQ.9OSw0ZbNYYXKvGuRHd0tDTKjnI07Wvx6Osfr95btcmg	2024-12-06 12:36:59.427079+05:30	2024-12-07 12:36:59+05:30	12	01a609ff99444df28763bc11f96ce5dd
53	eyJhbGciOiJIUzI1NiIsInR5cCI6IkpXVCJ9.eyJ0b2tlbl90eXBlIjoicmVmcmVzaCIsImV4cCI6MTczMzU1NTUxMiwiaWF0IjoxNzMzNDY5MTEyLCJqdGkiOiI0YTYwN2NjN2ZjYWM0ZWM1OThjODY1YzM0OTMxMzgxOSIsInVzZXJfaWQiOjEyfQ.WxmnKw_nL0Rsnft2FfaMoIsW-xT3CacmHga4jrUd13M	2024-12-06 12:41:52.198048+05:30	2024-12-07 12:41:52+05:30	12	4a607cc7fcac4ec598c865c349313819
54	eyJhbGciOiJIUzI1NiIsInR5cCI6IkpXVCJ9.eyJ0b2tlbl90eXBlIjoicmVmcmVzaCIsImV4cCI6MTczMzYzMDQ3NywiaWF0IjoxNzMzNTQ0MDc3LCJqdGkiOiIwZTAzZjE4MTgyY2E0NDYwYTE1NDJmNTY0ZGQ5NzQzZiIsInVzZXJfaWQiOjEyfQ._p_CvcrxSe1LEA0u0LOJLANwqNtypWog24nlGDKj5C4	2024-12-07 09:31:17.847315+05:30	2024-12-08 09:31:17+05:30	12	0e03f18182ca4460a1542f564dd9743f
55	eyJhbGciOiJIUzI1NiIsInR5cCI6IkpXVCJ9.eyJ0b2tlbl90eXBlIjoicmVmcmVzaCIsImV4cCI6MTczMzYzMjUwMCwiaWF0IjoxNzMzNTQ2MTAwLCJqdGkiOiJiMzU1N2RmNTg2MTk0NTk2OWIxN2RiMzJjZGZiNjRhZSIsInVzZXJfaWQiOjEyfQ.vPwadzS4M4bkhxBN5TJD_9-RqbCPLHVd2mWavGGDhp4	2024-12-07 10:05:00.822148+05:30	2024-12-08 10:05:00+05:30	12	b3557df5861945969b17db32cdfb64ae
56	eyJhbGciOiJIUzI1NiIsInR5cCI6IkpXVCJ9.eyJ0b2tlbl90eXBlIjoicmVmcmVzaCIsImV4cCI6MTczMzYzMjcwMCwiaWF0IjoxNzMzNTQ2MzAwLCJqdGkiOiI1M2FiNTg5MjE0Mzg0N2Q2YmU0MDdlMzQ4MjQxYTRiYyIsInVzZXJfaWQiOjEyfQ.ziW1wCP8VGhgXDmgQLZKVwdRqUGt3IyFu_Tm3BIvcH0	2024-12-07 10:08:20.410985+05:30	2024-12-08 10:08:20+05:30	12	53ab5892143847d6be407e348241a4bc
57	eyJhbGciOiJIUzI1NiIsInR5cCI6IkpXVCJ9.eyJ0b2tlbl90eXBlIjoicmVmcmVzaCIsImV4cCI6MTczMzYzMzAwNSwiaWF0IjoxNzMzNTQ2NjA1LCJqdGkiOiJkYzY1NTgwYzk3MmI0OWU1YmIxNTU5ODdmMTRiNWMwNiIsInVzZXJfaWQiOjEyfQ.v8EsrnqJfuzrmINFchVRYQNTvOTINDNSYWJZt-ppbmE	2024-12-07 10:13:25.910278+05:30	2024-12-08 10:13:25+05:30	12	dc65580c972b49e5bb155987f14b5c06
58	eyJhbGciOiJIUzI1NiIsInR5cCI6IkpXVCJ9.eyJ0b2tlbl90eXBlIjoicmVmcmVzaCIsImV4cCI6MTczMzYzMzI2OCwiaWF0IjoxNzMzNTQ2ODY4LCJqdGkiOiJmZTBkNTM0YjVhYzY0YjEzOTY4ODdmNmM3MDU1ODQwNiIsInVzZXJfaWQiOjEyfQ.exUrcxWwVb2M3AYGqPjDdjiP2v1gaIRjLXTcdFi08lw	2024-12-07 10:17:48.900651+05:30	2024-12-08 10:17:48+05:30	12	fe0d534b5ac64b1396887f6c70558406
59	eyJhbGciOiJIUzI1NiIsInR5cCI6IkpXVCJ9.eyJ0b2tlbl90eXBlIjoicmVmcmVzaCIsImV4cCI6MTczMzYzMzM1OCwiaWF0IjoxNzMzNTQ2OTU4LCJqdGkiOiIwMGJhYTM2MzU0MDQ0ZDMyOWQxYzU4NDE1MDkyNjRlMCIsInVzZXJfaWQiOjEyfQ.KHcPbz7KFR00gwK8j7smo-yIJPDHYqVTGhynenSU12o	2024-12-07 10:19:18.429717+05:30	2024-12-08 10:19:18+05:30	12	00baa36354044d329d1c5841509264e0
60	eyJhbGciOiJIUzI1NiIsInR5cCI6IkpXVCJ9.eyJ0b2tlbl90eXBlIjoicmVmcmVzaCIsImV4cCI6MTczMzYzMzY1MCwiaWF0IjoxNzMzNTQ3MjUwLCJqdGkiOiIzYWUyNjcxMDFkNjg0NmE4OTRlNjJmZWQ2YWFlZDk2ZiIsInVzZXJfaWQiOjEyfQ.4Ez_cMDV0WCqrR4HntfWGKgmR4O4TjrhP1TcAaRNHBg	2024-12-07 10:24:10.524747+05:30	2024-12-08 10:24:10+05:30	12	3ae267101d6846a894e62fed6aaed96f
61	eyJhbGciOiJIUzI1NiIsInR5cCI6IkpXVCJ9.eyJ0b2tlbl90eXBlIjoicmVmcmVzaCIsImV4cCI6MTczMzYzMzc0NCwiaWF0IjoxNzMzNTQ3MzQ0LCJqdGkiOiIyMzBiMGEzZGVmNWU0ZTkzOGRiZGMzNGRkOTMzYjQwMiIsInVzZXJfaWQiOjEyfQ.HVhaU4v__uRHBROd9BnnDz9Xe5ZLYsNoBuL8c8HjTn4	2024-12-07 10:25:44.172214+05:30	2024-12-08 10:25:44+05:30	12	230b0a3def5e4e938dbdc34dd933b402
62	eyJhbGciOiJIUzI1NiIsInR5cCI6IkpXVCJ9.eyJ0b2tlbl90eXBlIjoicmVmcmVzaCIsImV4cCI6MTczMzYzNDIxMSwiaWF0IjoxNzMzNTQ3ODExLCJqdGkiOiJkYTk2MzdlNDgzMGE0MGQzYWJkM2UxM2Q4MDMwNWYyMiIsInVzZXJfaWQiOjEyfQ._BdJzfGptDkIeZrjy6AGM-uoJ-vPJSvzyvAFrR2lFS0	2024-12-07 10:33:31.669867+05:30	2024-12-08 10:33:31+05:30	12	da9637e4830a40d3abd3e13d80305f22
63	eyJhbGciOiJIUzI1NiIsInR5cCI6IkpXVCJ9.eyJ0b2tlbl90eXBlIjoicmVmcmVzaCIsImV4cCI6MTczMzYzNDQ5NCwiaWF0IjoxNzMzNTQ4MDk0LCJqdGkiOiIyYjUwYzlmOTAzYzM0ODg1OTgyMGNiZDY5YmM3MjZjYiIsInVzZXJfaWQiOjEyfQ.656Gp2k2fnwYie6dTkKUT91XDlTZhZarjT1J1jb8xNU	2024-12-07 10:38:14.673127+05:30	2024-12-08 10:38:14+05:30	12	2b50c9f903c348859820cbd69bc726cb
64	eyJhbGciOiJIUzI1NiIsInR5cCI6IkpXVCJ9.eyJ0b2tlbl90eXBlIjoicmVmcmVzaCIsImV4cCI6MTczMzYzNDkyNiwiaWF0IjoxNzMzNTQ4NTI2LCJqdGkiOiI0NTlhMTlmNDA0MGQ0MDQ0OGFjZTU1MjI4ZmU4NjNkOSIsInVzZXJfaWQiOjEyfQ.g3oHYDDtFWWWtq2Mb4v-QAdx3tQr07mkxIZT80LHi9g	2024-12-07 10:45:26.814685+05:30	2024-12-08 10:45:26+05:30	12	459a19f4040d40448ace55228fe863d9
65	eyJhbGciOiJIUzI1NiIsInR5cCI6IkpXVCJ9.eyJ0b2tlbl90eXBlIjoicmVmcmVzaCIsImV4cCI6MTczMzYzNTE1NiwiaWF0IjoxNzMzNTQ4NzU2LCJqdGkiOiI3MjBhOTcxN2ExY2E0Y2I5YTJjYjA0NzUyZjAwY2IzMCIsInVzZXJfaWQiOjEyfQ.uzC6e8wPCtdNUhZ8HAHZX9Sd5uWqYiXcIImx2lfsLDE	2024-12-07 10:49:16.302176+05:30	2024-12-08 10:49:16+05:30	12	720a9717a1ca4cb9a2cb04752f00cb30
66	eyJhbGciOiJIUzI1NiIsInR5cCI6IkpXVCJ9.eyJ0b2tlbl90eXBlIjoicmVmcmVzaCIsImV4cCI6MTczMzYzNTQ4MCwiaWF0IjoxNzMzNTQ5MDgwLCJqdGkiOiJiZjI2YmE0ODg3NTI0ZGZhYjgwOWU3M2UxMTFkNzdmYSIsInVzZXJfaWQiOjEyfQ.hNgVZGg36yPOMEkR36nVAej9OS8FGuOQiXGToCEelOg	2024-12-07 10:54:40.904657+05:30	2024-12-08 10:54:40+05:30	12	bf26ba4887524dfab809e73e111d77fa
67	eyJhbGciOiJIUzI1NiIsInR5cCI6IkpXVCJ9.eyJ0b2tlbl90eXBlIjoicmVmcmVzaCIsImV4cCI6MTczMzYzNTYwMywiaWF0IjoxNzMzNTQ5MjAzLCJqdGkiOiJlNzc2N2RjNDQ5MGE0ZGRkYjI3MjhkYzAyNDkzMzkxNyIsInVzZXJfaWQiOjEyfQ.M8R39KqFz9yLh7H4E0WmTNQBfpgreYRMXgN5NLWuWss	2024-12-07 10:56:43.220242+05:30	2024-12-08 10:56:43+05:30	12	e7767dc4490a4dddb2728dc024933917
68	eyJhbGciOiJIUzI1NiIsInR5cCI6IkpXVCJ9.eyJ0b2tlbl90eXBlIjoicmVmcmVzaCIsImV4cCI6MTczMzYzNjY4NCwiaWF0IjoxNzMzNTUwMjg0LCJqdGkiOiJhZWQ1ZWNlOGZmZTc0ZGJlYTVhMzkxNWM0MzE2ZTBjMCIsInVzZXJfaWQiOjEyfQ._9osU4xDcGZy286wjlBAP2q0bOkRZk-vR4icVe2LbeM	2024-12-07 11:14:44.906373+05:30	2024-12-08 11:14:44+05:30	12	aed5ece8ffe74dbea5a3915c4316e0c0
69	eyJhbGciOiJIUzI1NiIsInR5cCI6IkpXVCJ9.eyJ0b2tlbl90eXBlIjoicmVmcmVzaCIsImV4cCI6MTczMzYzNjgxNywiaWF0IjoxNzMzNTUwNDE3LCJqdGkiOiIyMjk0OGViNjYxM2M0OWZiYTAzNTk3ODNmMjAwYzM3OSIsInVzZXJfaWQiOjEyfQ.MIcJwSCVD7dgrb3Yv5CCUpg_IcDYhgTthCYQ1i9QIJo	2024-12-07 11:16:57.299105+05:30	2024-12-08 11:16:57+05:30	12	22948eb6613c49fba0359783f200c379
70	eyJhbGciOiJIUzI1NiIsInR5cCI6IkpXVCJ9.eyJ0b2tlbl90eXBlIjoicmVmcmVzaCIsImV4cCI6MTczMzcyMzU0NywiaWF0IjoxNzMzNjM3MTQ3LCJqdGkiOiI2NjRiNjU5MmZkNTE0MjVlYTkyMDEwYjZhMWQ2ZTdjNCIsInVzZXJfaWQiOjEwfQ.qlZ5HoqlzeAQjQWyCYIaj1ezLA6CXY1EvFGKiDMfwu4	2024-12-08 11:22:27.582356+05:30	2024-12-09 11:22:27+05:30	10	664b6592fd51425ea92010b6a1d6e7c4
71	eyJhbGciOiJIUzI1NiIsInR5cCI6IkpXVCJ9.eyJ0b2tlbl90eXBlIjoicmVmcmVzaCIsImV4cCI6MTczMzcyMzgzMywiaWF0IjoxNzMzNjM3NDMzLCJqdGkiOiJhZjZhMjM5MDVkNzc0NDE4OTI3NzM3ODAwNzliZTljOSIsInVzZXJfaWQiOjEwfQ.W_61Ez60qYYSnrBKvfG6NVqF5JEjxqW8mBAbN-7ozv0	2024-12-08 11:27:13.209017+05:30	2024-12-09 11:27:13+05:30	10	af6a23905d77441892773780079be9c9
72	eyJhbGciOiJIUzI1NiIsInR5cCI6IkpXVCJ9.eyJ0b2tlbl90eXBlIjoicmVmcmVzaCIsImV4cCI6MTczMzczMzE5NCwiaWF0IjoxNzMzNjQ2Nzk0LCJqdGkiOiIxMmY0OWMxMmM1MWI0MGYxYTYxMjgwMzE2ZGQ3M2JkNCIsInVzZXJfaWQiOjEwfQ.uFyBYHEa0-TQ45epgdk4YWLsZEK8jRhxjbPynpeA8-I	2024-12-08 14:03:14.389021+05:30	2024-12-09 14:03:14+05:30	10	12f49c12c51b40f1a61280316dd73bd4
73	eyJhbGciOiJIUzI1NiIsInR5cCI6IkpXVCJ9.eyJ0b2tlbl90eXBlIjoicmVmcmVzaCIsImV4cCI6MTczMzczNjI1MCwiaWF0IjoxNzMzNjQ5ODUwLCJqdGkiOiI1ZjY0NTI1NzkwOGM0N2U1YTNlZTZlZjIyYmM0YjZlZCIsInVzZXJfaWQiOjEwfQ.COTNxF-smf3Tk35MwLdk-64ln7Ch_sDr6dxE_bko7rY	2024-12-08 14:54:10.82851+05:30	2024-12-09 14:54:10+05:30	10	5f645257908c47e5a3ee6ef22bc4b6ed
74	eyJhbGciOiJIUzI1NiIsInR5cCI6IkpXVCJ9.eyJ0b2tlbl90eXBlIjoicmVmcmVzaCIsImV4cCI6MTczMzczNjY4NywiaWF0IjoxNzMzNjUwMjg3LCJqdGkiOiIxNjk4ZWZhZjk3MjI0ZmI5OWY1OGViYzA5ZWFiODU3OSIsInVzZXJfaWQiOjEwfQ.EraW5teSrzOflLb646NqhDqEKzHg3Sg4fsQpL0068G0	2024-12-08 15:01:27.276678+05:30	2024-12-09 15:01:27+05:30	10	1698efaf97224fb99f58ebc09eab8579
75	eyJhbGciOiJIUzI1NiIsInR5cCI6IkpXVCJ9.eyJ0b2tlbl90eXBlIjoicmVmcmVzaCIsImV4cCI6MTczMzc0MDA1OSwiaWF0IjoxNzMzNjUzNjU5LCJqdGkiOiI4NjEwNzM1ZTc2NjI0NjI0OWQ2ZjJjZTEzYmEzNmIzNyIsInVzZXJfaWQiOjEwfQ.X6AAC2bm0TzNqD6ZgsNH5otv271LygF7RkrG1LwDn4U	2024-12-08 15:57:39.847224+05:30	2024-12-09 15:57:39+05:30	10	8610735e766246249d6f2ce13ba36b37
76	eyJhbGciOiJIUzI1NiIsInR5cCI6IkpXVCJ9.eyJ0b2tlbl90eXBlIjoicmVmcmVzaCIsImV4cCI6MTczMzc0MDY4MSwiaWF0IjoxNzMzNjU0MjgxLCJqdGkiOiIzNzUxYjI2MmUwNGE0OTZmYTA0N2YzMzIyOWJjYWI4ZCIsInVzZXJfaWQiOjEwfQ.Al2Ejz2-mv2fCllCDUeyNL_oevYcRHaQ87-ToKAQkhI	2024-12-08 16:08:01.974846+05:30	2024-12-09 16:08:01+05:30	10	3751b262e04a496fa047f33229bcab8d
77	eyJhbGciOiJIUzI1NiIsInR5cCI6IkpXVCJ9.eyJ0b2tlbl90eXBlIjoicmVmcmVzaCIsImV4cCI6MTczMzc0MTI3OSwiaWF0IjoxNzMzNjU0ODc5LCJqdGkiOiJlYzhlMjNjZTMxYmI0MTkyYjMxMTBlMGVkNjExZmZjZSIsInVzZXJfaWQiOjEwfQ.0KcJajzACm1Cq-rJtgx11DlkL1rcUivpx950_HdLl6I	2024-12-08 16:17:59.870571+05:30	2024-12-09 16:17:59+05:30	10	ec8e23ce31bb4192b3110e0ed611ffce
78	eyJhbGciOiJIUzI1NiIsInR5cCI6IkpXVCJ9.eyJ0b2tlbl90eXBlIjoicmVmcmVzaCIsImV4cCI6MTczMzc0NzE1NiwiaWF0IjoxNzMzNjYwNzU2LCJqdGkiOiI2MzViMDRiZWM0OWQ0NDQyYjk1OWQyMWYyM2JmMTU2YSIsInVzZXJfaWQiOjEwfQ.jgIBeDMiAlD9lZHDnVfdG3mJQKfALU7wOfV8Af5abDI	2024-12-08 17:55:56.19599+05:30	2024-12-09 17:55:56+05:30	10	635b04bec49d4442b959d21f23bf156a
79	eyJhbGciOiJIUzI1NiIsInR5cCI6IkpXVCJ9.eyJ0b2tlbl90eXBlIjoicmVmcmVzaCIsImV4cCI6MTczMzc0NzMxOSwiaWF0IjoxNzMzNjYwOTE5LCJqdGkiOiIzOTM4ZWNjMmY2OTU0OGRlYjllNzRlOTM0NWI5NjgzYyIsInVzZXJfaWQiOjEwfQ.NAbp-FF4NZon_QtOUstqwAVby_B9wTeKUlIgo-1ZygE	2024-12-08 17:58:39.876378+05:30	2024-12-09 17:58:39+05:30	10	3938ecc2f69548deb9e74e9345b9683c
80	eyJhbGciOiJIUzI1NiIsInR5cCI6IkpXVCJ9.eyJ0b2tlbl90eXBlIjoicmVmcmVzaCIsImV4cCI6MTczMzc1MTQxNCwiaWF0IjoxNzMzNjY1MDE0LCJqdGkiOiJlYmFiODZiMGYzNjA0NTQ4YjZkMWNiZjZmN2ViMWQ4MSIsInVzZXJfaWQiOjEwfQ.C53hdxR7fX_bWJU_nJU1wmudXVv3ggN2ibnyGkCbfO4	2024-12-08 19:06:54.381034+05:30	2024-12-09 19:06:54+05:30	10	ebab86b0f3604548b6d1cbf6f7eb1d81
81	eyJhbGciOiJIUzI1NiIsInR5cCI6IkpXVCJ9.eyJ0b2tlbl90eXBlIjoicmVmcmVzaCIsImV4cCI6MTczMzc1MTkyNiwiaWF0IjoxNzMzNjY1NTI2LCJqdGkiOiIyZjIzMjcwZjI2Nzg0ZGNhYTA4YWU4YTgwZjg1YjlmMyIsInVzZXJfaWQiOjEwfQ.cmbCk3YVTbE3EBpCw-5MuopFLxLFs9jV5brKZRNC_kI	2024-12-08 19:15:26.067639+05:30	2024-12-09 19:15:26+05:30	10	2f23270f26784dcaa08ae8a80f85b9f3
82	eyJhbGciOiJIUzI1NiIsInR5cCI6IkpXVCJ9.eyJ0b2tlbl90eXBlIjoicmVmcmVzaCIsImV4cCI6MTczMzc1NDU0MiwiaWF0IjoxNzMzNjY4MTQyLCJqdGkiOiI5NTkxOTY5ODY3Y2I0N2RlYTUyYTU1NTY2MTFmMGQ4YSIsInVzZXJfaWQiOjEwfQ.3aPe-OEy_vNfO615K4K8cP4FLEE7UfFQ3rZGkGUTGnc	2024-12-08 19:59:02.799793+05:30	2024-12-09 19:59:02+05:30	10	9591969867cb47dea52a5556611f0d8a
83	eyJhbGciOiJIUzI1NiIsInR5cCI6IkpXVCJ9.eyJ0b2tlbl90eXBlIjoicmVmcmVzaCIsImV4cCI6MTczMzc1NjY5OSwiaWF0IjoxNzMzNjcwMjk5LCJqdGkiOiIwZDFjMDA2MzE5MzA0OGNlYTAyNTI1OWM5ZmNjMTVkYyIsInVzZXJfaWQiOjEwfQ.nFKMDhWta18_9waSJzhq8uTAPMqJP6QoOimBKicUiOI	2024-12-08 20:34:59.67031+05:30	2024-12-09 20:34:59+05:30	10	0d1c0063193048cea025259c9fcc15dc
84	eyJhbGciOiJIUzI1NiIsInR5cCI6IkpXVCJ9.eyJ0b2tlbl90eXBlIjoicmVmcmVzaCIsImV4cCI6MTczMzc1NzIyMywiaWF0IjoxNzMzNjcwODIzLCJqdGkiOiJkOWMxZGJiNGMzMmQ0MGRhYWZmOWMyMWUzMjA0NzcxOSIsInVzZXJfaWQiOjEwfQ.7sSuj7pNf1N4uM71YDhWHJeF787zIf6MHMT1TRLzKpg	2024-12-08 20:43:43.883732+05:30	2024-12-09 20:43:43+05:30	10	d9c1dbb4c32d40daaff9c21e32047719
85	eyJhbGciOiJIUzI1NiIsInR5cCI6IkpXVCJ9.eyJ0b2tlbl90eXBlIjoicmVmcmVzaCIsImV4cCI6MTczMzc2MTAwMywiaWF0IjoxNzMzNjc0NjAzLCJqdGkiOiJlMTFmNGQwMTY3ZjU0ZDI4ODI1YjA0OTc3ZjAyODRlMCIsInVzZXJfaWQiOjEwfQ.mUc1dl7L4-jkAngfCJw2RErfLL5aRQLFQm4_tKknK64	2024-12-08 21:46:43.639499+05:30	2024-12-09 21:46:43+05:30	10	e11f4d0167f54d28825b04977f0284e0
86	eyJhbGciOiJIUzI1NiIsInR5cCI6IkpXVCJ9.eyJ0b2tlbl90eXBlIjoicmVmcmVzaCIsImV4cCI6MTczMzc2NDkyOSwiaWF0IjoxNzMzNjc4NTI5LCJqdGkiOiI2ODNkZTRlYjlhNGQ0N2JhYTZhODIwZTA1MjIxNmFlMSIsInVzZXJfaWQiOjEwfQ.L0jPV8GQO1q3186cZjuegbIt5N7-KQ4XcVJfa_ZFXWw	2024-12-08 22:52:09.048033+05:30	2024-12-09 22:52:09+05:30	10	683de4eb9a4d47baa6a820e052216ae1
87	eyJhbGciOiJIUzI1NiIsInR5cCI6IkpXVCJ9.eyJ0b2tlbl90eXBlIjoicmVmcmVzaCIsImV4cCI6MTczMzc3MDc4NiwiaWF0IjoxNzMzNjg0Mzg2LCJqdGkiOiJkOWIxOGNjMWY0YzI0YTgxOGE2YjZkYzExYzVkNGZhNiIsInVzZXJfaWQiOjEwfQ.dockqhJOwVmTlEfIsclRLzNNKtcMwkbpI33t-G5RmEc	2024-12-09 00:29:46.401401+05:30	2024-12-10 00:29:46+05:30	10	d9b18cc1f4c24a818a6b6dc11c5d4fa6
88	eyJhbGciOiJIUzI1NiIsInR5cCI6IkpXVCJ9.eyJ0b2tlbl90eXBlIjoicmVmcmVzaCIsImV4cCI6MTczMzc3MTI2MywiaWF0IjoxNzMzNjg0ODYzLCJqdGkiOiI0NzMyOWNhNjNkYjY0NDY5YjkzY2Q5NTAxZmFhNDQ3NyIsInVzZXJfaWQiOjEwfQ.ROx8Gk281W5cKsfygN9PvccgejtgWvADFzW5pH8HgAo	2024-12-09 00:37:43.60677+05:30	2024-12-10 00:37:43+05:30	10	47329ca63db64469b93cd9501faa4477
89	eyJhbGciOiJIUzI1NiIsInR5cCI6IkpXVCJ9.eyJ0b2tlbl90eXBlIjoicmVmcmVzaCIsImV4cCI6MTczMzc3MTM0MCwiaWF0IjoxNzMzNjg0OTQwLCJqdGkiOiIzYzJlMTBjYWI0YjA0Y2MzYjRmNWIxY2VkNzgwODg4NyIsInVzZXJfaWQiOjEwfQ.zDRZICgrSp1QRE6T5WHu1M46LaI2cPGOMZZTfNOhudI	2024-12-09 00:39:00.982265+05:30	2024-12-10 00:39:00+05:30	10	3c2e10cab4b04cc3b4f5b1ced7808887
90	eyJhbGciOiJIUzI1NiIsInR5cCI6IkpXVCJ9.eyJ0b2tlbl90eXBlIjoicmVmcmVzaCIsImV4cCI6MTczMzc3MTQ4MiwiaWF0IjoxNzMzNjg1MDgyLCJqdGkiOiIyODhkNjQxOTg2MTM0ODQ3YmIyYmVhMTI1ODNmNDYzYiIsInVzZXJfaWQiOjEwfQ.Kmle1YGdZ45g8eGu3WOj1yG2EhKHtVMS3tYyZ_0wL7g	2024-12-09 00:41:22.452925+05:30	2024-12-10 00:41:22+05:30	10	288d641986134847bb2bea12583f463b
91	eyJhbGciOiJIUzI1NiIsInR5cCI6IkpXVCJ9.eyJ0b2tlbl90eXBlIjoicmVmcmVzaCIsImV4cCI6MTczMzc3MzA2OSwiaWF0IjoxNzMzNjg2NjY5LCJqdGkiOiI2NDI4MzhjOTZjMzQ0OWNjYTg4ZjgwYjNhOTE5NjkxMiIsInVzZXJfaWQiOjl9.ktuQHmCytjG1Kai7LJQAK449w1hl2dmbkctN-oHFEzI	2024-12-09 01:07:49.493553+05:30	2024-12-10 01:07:49+05:30	9	642838c96c3449cca88f80b3a9196912
92	eyJhbGciOiJIUzI1NiIsInR5cCI6IkpXVCJ9.eyJ0b2tlbl90eXBlIjoicmVmcmVzaCIsImV4cCI6MTczMzc3MzMyNSwiaWF0IjoxNzMzNjg2OTI1LCJqdGkiOiI5NWQ3ZjU3NTBkYTM0NjYxODhlMWNlMWM3NmE1ZWJhZiIsInVzZXJfaWQiOjEwfQ.i_aTDoGc7kHP4d5-OdpmBxlxe6sknXwdt9p0BEgOXus	2024-12-09 01:12:05.125121+05:30	2024-12-10 01:12:05+05:30	10	95d7f5750da3466188e1ce1c76a5ebaf
\.


--
-- Data for Name: users_user; Type: TABLE DATA; Schema: public; Owner: postgres
--

COPY public.users_user (id, password, email, date_joined, last_login, name) FROM stdin;
3	password	email@email.com	2024-12-03 14:30:00+05:30	\N	user
4	pbkdf2_sha256$870000$3yMTr5EEh4OAFwwELAqSoJ$u6y62u07M4U+iPLN0cAAETz31wWihSxviD98zw/4ep0=	tejasmuralidhar3@gmail.com	2024-12-03 17:48:47.401945+05:30	\N	Tejas
5	pbkdf2_sha256$870000$Ks7kOKeohzAHmBgN14LTOM$HqPd0vKspwdjiGUfUAFf70NHy6Pi2bpVFI+D+AhGiZ0=	root@gmail.com	2024-12-03 18:54:31.829134+05:30	\N	root
6	pbkdf2_sha256$870000$05nAZn3VHgBy2WUFbzEnYi$z+v+hJUZQZSaEcbgA2/+UtexNz7KB9PNozHWtlr97P0=	root1@gmail.com	2024-12-03 18:55:26.2776+05:30	\N	root
7	pbkdf2_sha256$870000$YFP88jZudAUcFnry60kY3A$TO1jnIqc0GLn61f9Wk4JE/EmzC8UvhFb6Val1XQJqJk=	root2@gmail.com	2024-12-03 18:58:11.030394+05:30	\N	root
8	pbkdf2_sha256$870000$z1blYL2KfRm9yMKMIiiLV0$2HW/UxaYUyTluDBlguzoC2TztXrpkYAPgep6TiHprlk=	tejasv@gmail.com	2024-12-03 19:25:28.485987+05:30	2024-12-03 20:18:10.582555+05:30	tejas v
11	pbkdf2_sha256$870000$Fk5BrKkNYpHnM8BHbx7WML$zuMIq8tj4DFPMWneJnIwYLSMHlzHIxtdB7CG/TRFQmk=	thanmai@gmail.com	2024-12-04 20:29:55.912286+05:30	2024-12-04 20:58:49.663113+05:30	thanmai
12	pbkdf2_sha256$720000$yhtc22KC1tFZEXhfhS91qO$mG4JvZE6FKlwuWSenHXCM4I8f1FYbtMw+YIc3ufyjXA=	tv@gmail.com	2024-12-04 22:46:27.052787+05:30	2024-12-07 11:16:57.296669+05:30	TV
9	pbkdf2_sha256$870000$AaHmThlIIFt8yffPQ4Xygl$VL63Jjs5e3T5Il2SoRWumHZ0YHSkqhaLKaVQyLamCLc=	Shruthi@gmail.com	2024-12-03 20:19:17.939005+05:30	2024-12-09 01:07:49.480245+05:30	Shruthi
10	pbkdf2_sha256$870000$J1J4L0kORjLno5ShgjMlhT$q/gCf/+jCy0BsKNqbPXq7Ls9BCwSX30RQX3iDGJDqGs=	tejas@gmail.com	2024-12-04 10:36:39.940377+05:30	2024-12-09 01:12:05.110577+05:30	root
\.


--
-- Name: auth_group_id_seq; Type: SEQUENCE SET; Schema: public; Owner: postgres
--

SELECT pg_catalog.setval('public.auth_group_id_seq', 1, false);


--
-- Name: auth_group_permissions_id_seq; Type: SEQUENCE SET; Schema: public; Owner: postgres
--

SELECT pg_catalog.setval('public.auth_group_permissions_id_seq', 1, false);


--
-- Name: auth_permission_id_seq; Type: SEQUENCE SET; Schema: public; Owner: postgres
--

SELECT pg_catalog.setval('public.auth_permission_id_seq', 60, true);


--
-- Name: auth_user_groups_id_seq; Type: SEQUENCE SET; Schema: public; Owner: postgres
--

SELECT pg_catalog.setval('public.auth_user_groups_id_seq', 1, false);


--
-- Name: auth_user_id_seq; Type: SEQUENCE SET; Schema: public; Owner: postgres
--

SELECT pg_catalog.setval('public.auth_user_id_seq', 1, false);


--
-- Name: auth_user_user_permissions_id_seq; Type: SEQUENCE SET; Schema: public; Owner: postgres
--

SELECT pg_catalog.setval('public.auth_user_user_permissions_id_seq', 1, false);


--
-- Name: django_admin_log_id_seq; Type: SEQUENCE SET; Schema: public; Owner: postgres
--

SELECT pg_catalog.setval('public.django_admin_log_id_seq', 1, false);


--
-- Name: django_content_type_id_seq; Type: SEQUENCE SET; Schema: public; Owner: postgres
--

SELECT pg_catalog.setval('public.django_content_type_id_seq', 15, true);


--
-- Name: django_migrations_id_seq; Type: SEQUENCE SET; Schema: public; Owner: postgres
--

SELECT pg_catalog.setval('public.django_migrations_id_seq', 50, true);


--
-- Name: donations_donation_id_seq; Type: SEQUENCE SET; Schema: public; Owner: postgres
--

SELECT pg_catalog.setval('public.donations_donation_id_seq', 2, true);


--
-- Name: ngos_ngo_id_seq; Type: SEQUENCE SET; Schema: public; Owner: postgres
--

SELECT pg_catalog.setval('public.ngos_ngo_id_seq', 1503, true);


--
-- Name: projects_project_id_seq; Type: SEQUENCE SET; Schema: public; Owner: postgres
--

SELECT pg_catalog.setval('public.projects_project_id_seq', 1, false);


--
-- Name: recommendation_ngodata_id_seq; Type: SEQUENCE SET; Schema: public; Owner: postgres
--

SELECT pg_catalog.setval('public.recommendation_ngodata_id_seq', 1, false);


--
-- Name: token_blacklist_blacklistedtoken_id_seq; Type: SEQUENCE SET; Schema: public; Owner: postgres
--

SELECT pg_catalog.setval('public.token_blacklist_blacklistedtoken_id_seq', 12, true);


--
-- Name: token_blacklist_outstandingtoken_id_seq; Type: SEQUENCE SET; Schema: public; Owner: postgres
--

SELECT pg_catalog.setval('public.token_blacklist_outstandingtoken_id_seq', 92, true);


--
-- Name: users_user_id_seq; Type: SEQUENCE SET; Schema: public; Owner: postgres
--

SELECT pg_catalog.setval('public.users_user_id_seq', 12, true);


--
-- Name: auth_group auth_group_name_key; Type: CONSTRAINT; Schema: public; Owner: postgres
--

ALTER TABLE ONLY public.auth_group
    ADD CONSTRAINT auth_group_name_key UNIQUE (name);


--
-- Name: auth_group_permissions auth_group_permissions_group_id_permission_id_0cd325b0_uniq; Type: CONSTRAINT; Schema: public; Owner: postgres
--

ALTER TABLE ONLY public.auth_group_permissions
    ADD CONSTRAINT auth_group_permissions_group_id_permission_id_0cd325b0_uniq UNIQUE (group_id, permission_id);


--
-- Name: auth_group_permissions auth_group_permissions_pkey; Type: CONSTRAINT; Schema: public; Owner: postgres
--

ALTER TABLE ONLY public.auth_group_permissions
    ADD CONSTRAINT auth_group_permissions_pkey PRIMARY KEY (id);


--
-- Name: auth_group auth_group_pkey; Type: CONSTRAINT; Schema: public; Owner: postgres
--

ALTER TABLE ONLY public.auth_group
    ADD CONSTRAINT auth_group_pkey PRIMARY KEY (id);


--
-- Name: auth_permission auth_permission_content_type_id_codename_01ab375a_uniq; Type: CONSTRAINT; Schema: public; Owner: postgres
--

ALTER TABLE ONLY public.auth_permission
    ADD CONSTRAINT auth_permission_content_type_id_codename_01ab375a_uniq UNIQUE (content_type_id, codename);


--
-- Name: auth_permission auth_permission_pkey; Type: CONSTRAINT; Schema: public; Owner: postgres
--

ALTER TABLE ONLY public.auth_permission
    ADD CONSTRAINT auth_permission_pkey PRIMARY KEY (id);


--
-- Name: auth_user_groups auth_user_groups_pkey; Type: CONSTRAINT; Schema: public; Owner: postgres
--

ALTER TABLE ONLY public.auth_user_groups
    ADD CONSTRAINT auth_user_groups_pkey PRIMARY KEY (id);


--
-- Name: auth_user_groups auth_user_groups_user_id_group_id_94350c0c_uniq; Type: CONSTRAINT; Schema: public; Owner: postgres
--

ALTER TABLE ONLY public.auth_user_groups
    ADD CONSTRAINT auth_user_groups_user_id_group_id_94350c0c_uniq UNIQUE (user_id, group_id);


--
-- Name: auth_user auth_user_pkey; Type: CONSTRAINT; Schema: public; Owner: postgres
--

ALTER TABLE ONLY public.auth_user
    ADD CONSTRAINT auth_user_pkey PRIMARY KEY (id);


--
-- Name: auth_user_user_permissions auth_user_user_permissions_pkey; Type: CONSTRAINT; Schema: public; Owner: postgres
--

ALTER TABLE ONLY public.auth_user_user_permissions
    ADD CONSTRAINT auth_user_user_permissions_pkey PRIMARY KEY (id);


--
-- Name: auth_user_user_permissions auth_user_user_permissions_user_id_permission_id_14a6b632_uniq; Type: CONSTRAINT; Schema: public; Owner: postgres
--

ALTER TABLE ONLY public.auth_user_user_permissions
    ADD CONSTRAINT auth_user_user_permissions_user_id_permission_id_14a6b632_uniq UNIQUE (user_id, permission_id);


--
-- Name: auth_user auth_user_username_key; Type: CONSTRAINT; Schema: public; Owner: postgres
--

ALTER TABLE ONLY public.auth_user
    ADD CONSTRAINT auth_user_username_key UNIQUE (username);


--
-- Name: django_admin_log django_admin_log_pkey; Type: CONSTRAINT; Schema: public; Owner: postgres
--

ALTER TABLE ONLY public.django_admin_log
    ADD CONSTRAINT django_admin_log_pkey PRIMARY KEY (id);


--
-- Name: django_content_type django_content_type_app_label_model_76bd3d3b_uniq; Type: CONSTRAINT; Schema: public; Owner: postgres
--

ALTER TABLE ONLY public.django_content_type
    ADD CONSTRAINT django_content_type_app_label_model_76bd3d3b_uniq UNIQUE (app_label, model);


--
-- Name: django_content_type django_content_type_pkey; Type: CONSTRAINT; Schema: public; Owner: postgres
--

ALTER TABLE ONLY public.django_content_type
    ADD CONSTRAINT django_content_type_pkey PRIMARY KEY (id);


--
-- Name: django_migrations django_migrations_pkey; Type: CONSTRAINT; Schema: public; Owner: postgres
--

ALTER TABLE ONLY public.django_migrations
    ADD CONSTRAINT django_migrations_pkey PRIMARY KEY (id);


--
-- Name: django_session django_session_pkey; Type: CONSTRAINT; Schema: public; Owner: postgres
--

ALTER TABLE ONLY public.django_session
    ADD CONSTRAINT django_session_pkey PRIMARY KEY (session_key);


--
-- Name: donations_donation donations_donation_pkey; Type: CONSTRAINT; Schema: public; Owner: postgres
--

ALTER TABLE ONLY public.donations_donation
    ADD CONSTRAINT donations_donation_pkey PRIMARY KEY (id);


--
-- Name: ngos_ngo ngos_ngo_email_key; Type: CONSTRAINT; Schema: public; Owner: postgres
--

ALTER TABLE ONLY public.ngos_ngo
    ADD CONSTRAINT ngos_ngo_email_key UNIQUE (email);


--
-- Name: ngos_ngo ngos_ngo_pkey; Type: CONSTRAINT; Schema: public; Owner: postgres
--

ALTER TABLE ONLY public.ngos_ngo
    ADD CONSTRAINT ngos_ngo_pkey PRIMARY KEY (id);


--
-- Name: projects_project projects_project_pkey; Type: CONSTRAINT; Schema: public; Owner: postgres
--

ALTER TABLE ONLY public.projects_project
    ADD CONSTRAINT projects_project_pkey PRIMARY KEY (id);


--
-- Name: recommendation_ngodata recommendation_ngodata_pkey; Type: CONSTRAINT; Schema: public; Owner: postgres
--

ALTER TABLE ONLY public.recommendation_ngodata
    ADD CONSTRAINT recommendation_ngodata_pkey PRIMARY KEY (id);


--
-- Name: token_blacklist_blacklistedtoken token_blacklist_blacklistedtoken_pkey; Type: CONSTRAINT; Schema: public; Owner: postgres
--

ALTER TABLE ONLY public.token_blacklist_blacklistedtoken
    ADD CONSTRAINT token_blacklist_blacklistedtoken_pkey PRIMARY KEY (id);


--
-- Name: token_blacklist_blacklistedtoken token_blacklist_blacklistedtoken_token_id_key; Type: CONSTRAINT; Schema: public; Owner: postgres
--

ALTER TABLE ONLY public.token_blacklist_blacklistedtoken
    ADD CONSTRAINT token_blacklist_blacklistedtoken_token_id_key UNIQUE (token_id);


--
-- Name: token_blacklist_outstandingtoken token_blacklist_outstandingtoken_jti_hex_d9bdf6f7_uniq; Type: CONSTRAINT; Schema: public; Owner: postgres
--

ALTER TABLE ONLY public.token_blacklist_outstandingtoken
    ADD CONSTRAINT token_blacklist_outstandingtoken_jti_hex_d9bdf6f7_uniq UNIQUE (jti);


--
-- Name: token_blacklist_outstandingtoken token_blacklist_outstandingtoken_pkey; Type: CONSTRAINT; Schema: public; Owner: postgres
--

ALTER TABLE ONLY public.token_blacklist_outstandingtoken
    ADD CONSTRAINT token_blacklist_outstandingtoken_pkey PRIMARY KEY (id);


--
-- Name: users_user users_user_email_243f6e77_uniq; Type: CONSTRAINT; Schema: public; Owner: postgres
--

ALTER TABLE ONLY public.users_user
    ADD CONSTRAINT users_user_email_243f6e77_uniq UNIQUE (email);


--
-- Name: users_user users_user_pkey; Type: CONSTRAINT; Schema: public; Owner: postgres
--

ALTER TABLE ONLY public.users_user
    ADD CONSTRAINT users_user_pkey PRIMARY KEY (id);


--
-- Name: auth_group_name_a6ea08ec_like; Type: INDEX; Schema: public; Owner: postgres
--

CREATE INDEX auth_group_name_a6ea08ec_like ON public.auth_group USING btree (name varchar_pattern_ops);


--
-- Name: auth_group_permissions_group_id_b120cbf9; Type: INDEX; Schema: public; Owner: postgres
--

CREATE INDEX auth_group_permissions_group_id_b120cbf9 ON public.auth_group_permissions USING btree (group_id);


--
-- Name: auth_group_permissions_permission_id_84c5c92e; Type: INDEX; Schema: public; Owner: postgres
--

CREATE INDEX auth_group_permissions_permission_id_84c5c92e ON public.auth_group_permissions USING btree (permission_id);


--
-- Name: auth_permission_content_type_id_2f476e4b; Type: INDEX; Schema: public; Owner: postgres
--

CREATE INDEX auth_permission_content_type_id_2f476e4b ON public.auth_permission USING btree (content_type_id);


--
-- Name: auth_user_groups_group_id_97559544; Type: INDEX; Schema: public; Owner: postgres
--

CREATE INDEX auth_user_groups_group_id_97559544 ON public.auth_user_groups USING btree (group_id);


--
-- Name: auth_user_groups_user_id_6a12ed8b; Type: INDEX; Schema: public; Owner: postgres
--

CREATE INDEX auth_user_groups_user_id_6a12ed8b ON public.auth_user_groups USING btree (user_id);


--
-- Name: auth_user_user_permissions_permission_id_1fbb5f2c; Type: INDEX; Schema: public; Owner: postgres
--

CREATE INDEX auth_user_user_permissions_permission_id_1fbb5f2c ON public.auth_user_user_permissions USING btree (permission_id);


--
-- Name: auth_user_user_permissions_user_id_a95ead1b; Type: INDEX; Schema: public; Owner: postgres
--

CREATE INDEX auth_user_user_permissions_user_id_a95ead1b ON public.auth_user_user_permissions USING btree (user_id);


--
-- Name: auth_user_username_6821ab7c_like; Type: INDEX; Schema: public; Owner: postgres
--

CREATE INDEX auth_user_username_6821ab7c_like ON public.auth_user USING btree (username varchar_pattern_ops);


--
-- Name: django_admin_log_content_type_id_c4bce8eb; Type: INDEX; Schema: public; Owner: postgres
--

CREATE INDEX django_admin_log_content_type_id_c4bce8eb ON public.django_admin_log USING btree (content_type_id);


--
-- Name: django_admin_log_user_id_c564eba6; Type: INDEX; Schema: public; Owner: postgres
--

CREATE INDEX django_admin_log_user_id_c564eba6 ON public.django_admin_log USING btree (user_id);


--
-- Name: django_session_expire_date_a5c62663; Type: INDEX; Schema: public; Owner: postgres
--

CREATE INDEX django_session_expire_date_a5c62663 ON public.django_session USING btree (expire_date);


--
-- Name: django_session_session_key_c0390e0f_like; Type: INDEX; Schema: public; Owner: postgres
--

CREATE INDEX django_session_session_key_c0390e0f_like ON public.django_session USING btree (session_key varchar_pattern_ops);


--
-- Name: ngos_ngo_email_70eb3203_like; Type: INDEX; Schema: public; Owner: postgres
--

CREATE INDEX ngos_ngo_email_70eb3203_like ON public.ngos_ngo USING btree (email varchar_pattern_ops);


--
-- Name: token_blacklist_outstandingtoken_jti_hex_d9bdf6f7_like; Type: INDEX; Schema: public; Owner: postgres
--

CREATE INDEX token_blacklist_outstandingtoken_jti_hex_d9bdf6f7_like ON public.token_blacklist_outstandingtoken USING btree (jti varchar_pattern_ops);


--
-- Name: token_blacklist_outstandingtoken_user_id_83bc629a; Type: INDEX; Schema: public; Owner: postgres
--

CREATE INDEX token_blacklist_outstandingtoken_user_id_83bc629a ON public.token_blacklist_outstandingtoken USING btree (user_id);


--
-- Name: users_user_email_243f6e77_like; Type: INDEX; Schema: public; Owner: postgres
--

CREATE INDEX users_user_email_243f6e77_like ON public.users_user USING btree (email varchar_pattern_ops);


--
-- Name: auth_group_permissions auth_group_permissio_permission_id_84c5c92e_fk_auth_perm; Type: FK CONSTRAINT; Schema: public; Owner: postgres
--

ALTER TABLE ONLY public.auth_group_permissions
    ADD CONSTRAINT auth_group_permissio_permission_id_84c5c92e_fk_auth_perm FOREIGN KEY (permission_id) REFERENCES public.auth_permission(id) DEFERRABLE INITIALLY DEFERRED;


--
-- Name: auth_group_permissions auth_group_permissions_group_id_b120cbf9_fk_auth_group_id; Type: FK CONSTRAINT; Schema: public; Owner: postgres
--

ALTER TABLE ONLY public.auth_group_permissions
    ADD CONSTRAINT auth_group_permissions_group_id_b120cbf9_fk_auth_group_id FOREIGN KEY (group_id) REFERENCES public.auth_group(id) DEFERRABLE INITIALLY DEFERRED;


--
-- Name: auth_permission auth_permission_content_type_id_2f476e4b_fk_django_co; Type: FK CONSTRAINT; Schema: public; Owner: postgres
--

ALTER TABLE ONLY public.auth_permission
    ADD CONSTRAINT auth_permission_content_type_id_2f476e4b_fk_django_co FOREIGN KEY (content_type_id) REFERENCES public.django_content_type(id) DEFERRABLE INITIALLY DEFERRED;


--
-- Name: auth_user_groups auth_user_groups_group_id_97559544_fk_auth_group_id; Type: FK CONSTRAINT; Schema: public; Owner: postgres
--

ALTER TABLE ONLY public.auth_user_groups
    ADD CONSTRAINT auth_user_groups_group_id_97559544_fk_auth_group_id FOREIGN KEY (group_id) REFERENCES public.auth_group(id) DEFERRABLE INITIALLY DEFERRED;


--
-- Name: auth_user_groups auth_user_groups_user_id_6a12ed8b_fk_auth_user_id; Type: FK CONSTRAINT; Schema: public; Owner: postgres
--

ALTER TABLE ONLY public.auth_user_groups
    ADD CONSTRAINT auth_user_groups_user_id_6a12ed8b_fk_auth_user_id FOREIGN KEY (user_id) REFERENCES public.auth_user(id) DEFERRABLE INITIALLY DEFERRED;


--
-- Name: auth_user_user_permissions auth_user_user_permi_permission_id_1fbb5f2c_fk_auth_perm; Type: FK CONSTRAINT; Schema: public; Owner: postgres
--

ALTER TABLE ONLY public.auth_user_user_permissions
    ADD CONSTRAINT auth_user_user_permi_permission_id_1fbb5f2c_fk_auth_perm FOREIGN KEY (permission_id) REFERENCES public.auth_permission(id) DEFERRABLE INITIALLY DEFERRED;


--
-- Name: auth_user_user_permissions auth_user_user_permissions_user_id_a95ead1b_fk_auth_user_id; Type: FK CONSTRAINT; Schema: public; Owner: postgres
--

ALTER TABLE ONLY public.auth_user_user_permissions
    ADD CONSTRAINT auth_user_user_permissions_user_id_a95ead1b_fk_auth_user_id FOREIGN KEY (user_id) REFERENCES public.auth_user(id) DEFERRABLE INITIALLY DEFERRED;


--
-- Name: django_admin_log django_admin_log_content_type_id_c4bce8eb_fk_django_co; Type: FK CONSTRAINT; Schema: public; Owner: postgres
--

ALTER TABLE ONLY public.django_admin_log
    ADD CONSTRAINT django_admin_log_content_type_id_c4bce8eb_fk_django_co FOREIGN KEY (content_type_id) REFERENCES public.django_content_type(id) DEFERRABLE INITIALLY DEFERRED;


--
-- Name: django_admin_log django_admin_log_user_id_c564eba6_fk_auth_user_id; Type: FK CONSTRAINT; Schema: public; Owner: postgres
--

ALTER TABLE ONLY public.django_admin_log
    ADD CONSTRAINT django_admin_log_user_id_c564eba6_fk_auth_user_id FOREIGN KEY (user_id) REFERENCES public.auth_user(id) DEFERRABLE INITIALLY DEFERRED;


--
-- Name: donations_donation fk_ngo; Type: FK CONSTRAINT; Schema: public; Owner: postgres
--

ALTER TABLE ONLY public.donations_donation
    ADD CONSTRAINT fk_ngo FOREIGN KEY (ngo_id_id) REFERENCES public.ngos_ngo(id) ON DELETE CASCADE;


--
-- Name: donations_donation fk_user; Type: FK CONSTRAINT; Schema: public; Owner: postgres
--

ALTER TABLE ONLY public.donations_donation
    ADD CONSTRAINT fk_user FOREIGN KEY (user_id_id) REFERENCES public.users_user(id) ON DELETE CASCADE;


--
-- Name: token_blacklist_blacklistedtoken token_blacklist_blacklistedtoken_token_id_3cc7fe56_fk; Type: FK CONSTRAINT; Schema: public; Owner: postgres
--

ALTER TABLE ONLY public.token_blacklist_blacklistedtoken
    ADD CONSTRAINT token_blacklist_blacklistedtoken_token_id_3cc7fe56_fk FOREIGN KEY (token_id) REFERENCES public.token_blacklist_outstandingtoken(id) DEFERRABLE INITIALLY DEFERRED;


--
-- Name: token_blacklist_outstandingtoken token_blacklist_outs_user_id_83bc629a_fk_users_use; Type: FK CONSTRAINT; Schema: public; Owner: postgres
--

ALTER TABLE ONLY public.token_blacklist_outstandingtoken
    ADD CONSTRAINT token_blacklist_outs_user_id_83bc629a_fk_users_use FOREIGN KEY (user_id) REFERENCES public.users_user(id) DEFERRABLE INITIALLY DEFERRED;


--
-- PostgreSQL database dump complete
--

